{
  "action": "SUBMIT_RECEIPT",
  "purchase_order_number": "0474815337",
  "receipt": {
    "purchase_order_number": "0474815337",
    "timestamp": "2020-08-05T23:26:13+00:00",
    "buyer": "Walmart",
    "supplier": "Cargill",
    "products": [
      {
        "product": "HSW Fz Pp 9.5 Nt Tm 10-16",
        "purchase_order_number": "0474815337",
        "quantity": 704,
        "quantity_unit_of_measure": "LB",
        "timestamp": "2020-08-05T23:26:13+00:00"
      }
    ],
    "date_order_received": "2020-05-14"
  },
  "timestamp": "2020-08-05T23:26:13+00:00"
}