{
  "action": "SUBMIT_INVOICE",
  "purchase_order_number": "0476992434",
  "invoice": {
    "invoice_number": "29245897",
    "purchase_order_number": "0476992434",
    "timestamp": "2020-07-30T14:26:13+00:00",
    "buyer": "Walmart",
    "supplier": "Cargill",
    "products": [
      {
        "product": "GB 85 Ang 4#/16 PY OW WM",
        "purchase_order_number": "0476992434",
        "quantity": 263,
        "quantity_unit_of_measure": "LB",
        "product_price": 15.9,
        "timestamp": "2020-07-30T14:26:13+00:00"
      }
    ]
  },
  "timestamp": "2020-07-30T14:26:13+00:00"
}