{
  "action": "PROPOSE_PURCHASE_ORDER",
  "purchase_order_number": "0476992434",
  "purchase_order": {
    "purchase_order_number": "0476992434",
    "buyer": "wmt",
    "supplier": "cgl",
    "timestamp": "2020-07-29T08:26:13+00:00",
    "products": [
      {
        "product": "GB 85 Ang 4#/16 PY OW WM",
        "purchase_order_number": "0476992434",
        "quantity": 263,
        "quantity_unit_of_measure": "LB",
        "product_price": 15.9,
        "timestamp": "2020-07-29T08:26:13+00:00"
      }
    ],
    "date_order_expected": "2020-05-14",
    "date_order_close": "2020-05-31",
    "address_ship_from": {
      "street_address": "Universal Pure-Lnk",
      "address_line_2": "1601 Pioneers Blvd",
      "city": "Lincoln",
      "state": "NE",
      "zip_code": "68502"
    },
    "address_ship_to": {
      "street_address": "Walmart Grocery Whse 7084",
      "address_line_2": "1001 Columbia Ave",
      "city": "Riverside",
      "state": "CA",
      "zip_code": "92507"
    }
  },
  "timestamp": "2020-07-29T08:26:13+00:00"
}