{
  "action": "SET_RECEIPT",
  "purchase_order_number": "0476992434",
  "receipt": {
    "purchase_order_number": "0476992434",
    "timestamp": "2020-08-06T08:26:13+00:00",
    "buyer": "Walmart",
    "supplier": "Cargill",
    "products": [
      {
        "product": "GB 85 Ang 4#/16 PY OW WM",
        "purchase_order_number": "0476992434",
        "quantity": 263,
        "quantity_unit_of_measure": "LB",
        "timestamp": "2020-08-06T08:26:13+00:00"
      }
    ],
    "date_order_received": "2020-05-14"
  },
  "timestamp": "2020-08-06T08:26:13+00:00"
}