{
  "action": "PROPOSE_PURCHASE_ORDER",
  "purchase_order_number": "0477466825",
  "purchase_order": {
    "purchase_order_number": "0477466825",
    "buyer": "wmt",
    "supplier": "cgl",
    "timestamp": "2020-07-29T10:26:13+00:00",
    "products": [
      {
        "product": "WM ANG CH LONDON BROIL",
        "purchase_order_number": "0477466825",
        "quantity": 59,
        "quantity_unit_of_measure": "LB",
        "product_price": 10.5,
        "timestamp": "2020-07-29T10:26:13+00:00"
      },
      {
        "product": "WM ANG CH RUMP ROAST",
        "purchase_order_number": "0477466825",
        "quantity": 32,
        "quantity_unit_of_measure": "LB",
        "product_price": 9.7,
        "timestamp": "2020-07-29T10:26:13+00:00"
      },
      {
        "product": "WM ANG CH RIBEYE THIN",
        "purchase_order_number": "0477466825",
        "quantity": 112,
        "quantity_unit_of_measure": "LB",
        "product_price": 15.2,
        "timestamp": "2020-07-29T10:26:13+00:00"
      },
      {
        "product": "WM ANG CH T-BONE STEAK",
        "purchase_order_number": "0477466825",
        "quantity": 38,
        "quantity_unit_of_measure": "LB",
        "product_price": 12.4,
        "timestamp": "2020-07-29T10:26:13+00:00"
      },
      {
        "product": "WM ANG CH TOP SIRLOIN",
        "purchase_order_number": "0477466825",
        "quantity": 51,
        "quantity_unit_of_measure": "LB",
        "product_price": 9.6,
        "timestamp": "2020-07-29T10:26:13+00:00"
      },
      {
        "product": "MILANESA",
        "purchase_order_number": "0477466825",
        "quantity": 200,
        "quantity_unit_of_measure": "LB",
        "product_price": 9.7,
        "timestamp": "2020-07-29T10:26:13+00:00"
      },
      {
        "product": "CUBED STEAK LG",
        "purchase_order_number": "0477466825",
        "quantity": 30,
        "quantity_unit_of_measure": "LB",
        "product_price": 10.5,
        "timestamp": "2020-07-29T10:26:13+00:00"
      },
      {
        "product": "CARNE PICADA LARGE",
        "purchase_order_number": "0477466825",
        "quantity": 32,
        "quantity_unit_of_measure": "LB",
        "product_price": 6.7,
        "timestamp": "2020-07-29T10:26:13+00:00"
      },
      {
        "product": "EYE OF ROUND THIN",
        "purchase_order_number": "0477466825",
        "quantity": 59,
        "quantity_unit_of_measure": "LB",
        "product_price": 9.0,
        "timestamp": "2020-07-29T10:26:13+00:00"
      },
      {
        "product": "SIRLOIN TIP THIN",
        "purchase_order_number": "0477466825",
        "quantity": 59,
        "quantity_unit_of_measure": "LB",
        "product_price": 9.1,
        "timestamp": "2020-07-29T10:26:13+00:00"
      },
      {
        "product": "STIR FRY",
        "purchase_order_number": "0477466825",
        "quantity": 30,
        "quantity_unit_of_measure": "LB",
        "product_price": 6.4,
        "timestamp": "2020-07-29T10:26:13+00:00"
      },
      {
        "product": "CUBE STEAK",
        "purchase_order_number": "0477466825",
        "quantity": 27,
        "quantity_unit_of_measure": "LB",
        "product_price": 8.6,
        "timestamp": "2020-07-29T10:26:13+00:00"
      },
      {
        "product": "CHUCK TENDER ROAST",
        "purchase_order_number": "0477466825",
        "quantity": 60,
        "quantity_unit_of_measure": "LB",
        "product_price": 8.0,
        "timestamp": "2020-07-29T10:26:13+00:00"
      },
      {
        "product": "STEW MEAT SUPER TRIM",
        "purchase_order_number": "0477466825",
        "quantity": 53,
        "quantity_unit_of_measure": "LB",
        "product_price": 6.7,
        "timestamp": "2020-07-29T10:26:13+00:00"
      },
      {
        "product": "STEW MEAT LG",
        "purchase_order_number": "0477466825",
        "quantity": 94,
        "quantity_unit_of_measure": "LB",
        "product_price": 13.2,
        "timestamp": "2020-07-29T10:26:13+00:00"
      },
      {
        "product": "WM CH ANG T-BONE XL TRAY",
        "purchase_order_number": "0477466825",
        "quantity": 30,
        "quantity_unit_of_measure": "LB",
        "product_price": 10.5,
        "timestamp": "2020-07-29T10:26:13+00:00"
      },
      {
        "product": "WM ANG CH RIBEYE STEAK",
        "purchase_order_number": "0477466825",
        "quantity": 105,
        "quantity_unit_of_measure": "LB",
        "product_price": 14.8,
        "timestamp": "2020-07-29T10:26:13+00:00"
      },
      {
        "product": "NY STRIP STEAK LG",
        "purchase_order_number": "0477466825",
        "quantity": 59,
        "quantity_unit_of_measure": "LB",
        "product_price": 12.3,
        "timestamp": "2020-07-29T10:26:13+00:00"
      },
      {
        "product": "WM ANG CHOICE CHUCK ROAST",
        "purchase_order_number": "0477466825",
        "quantity": 70,
        "quantity_unit_of_measure": "LB",
        "product_price": 9.8,
        "timestamp": "2020-07-29T10:26:13+00:00"
      },
      {
        "product": "CHUCK ROAST",
        "purchase_order_number": "0477466825",
        "quantity": 99,
        "quantity_unit_of_measure": "LB",
        "product_price": 7.6,
        "timestamp": "2020-07-29T10:26:13+00:00"
      },
      {
        "product": "CH PET FILET MIG",
        "purchase_order_number": "0477466825",
        "quantity": 4,
        "quantity_unit_of_measure": "LB",
        "product_price": 9.8,
        "timestamp": "2020-07-29T10:26:13+00:00"
      },
      {
        "product": "WM ANG CHOICE TENDERLOIN",
        "purchase_order_number": "0477466825",
        "quantity": 4,
        "quantity_unit_of_measure": "LB",
        "product_price": 10.5,
        "timestamp": "2020-07-29T10:26:13+00:00"
      },
      {
        "product": "CHOICE BNLS RIBEYE STEAK",
        "purchase_order_number": "0477466825",
        "quantity": 22,
        "quantity_unit_of_measure": "LB",
        "product_price": 10.6,
        "timestamp": "2020-07-29T10:26:13+00:00"
      }
    ],
    "date_order_expected": "2020-05-15",
    "date_order_close": "2020-06-01",
    "address_ship_from": {
      "street_address": "Universal Pure-Lnk",
      "address_line_2": "1601 Pioneers Blvd",
      "city": "Lincoln",
      "state": "NE",
      "zip_code": "68502"
    },
    "address_ship_to": {
      "street_address": "Walmart Grocery Whse 7016",
      "address_line_2": "10695 James Madison Hwy",
      "city": "Gordonsville",
      "state": "VA",
      "zip_code": "22942"
    }
  },
  "timestamp": "2020-07-29T10:26:13+00:00"
}