{
  "action": "SET_BOL",
  "purchase_order_number": "0477466825",
  "bol": {
    "purchase_order_number": "0477466825",
    "bol_id": "WO-100300",
    "buyer": "wmt",
    "supplier": "cgl",
    "freight_forwarder": "jbh",
    "timestamp": "2020-08-03T05:26:13+00:00",
    "products": [
      {
        "product": "WM ANG CH LONDON BROIL",
        "purchase_order_number": "0477466825",
        "quantity": 59,
        "quantity_unit_of_measure": "LB",
        "timestamp": "2020-08-03T05:26:13+00:00"
      },
      {
        "product": "WM ANG CH RUMP ROAST",
        "purchase_order_number": "0477466825",
        "quantity": 32,
        "quantity_unit_of_measure": "LB",
        "timestamp": "2020-08-03T05:26:13+00:00"
      },
      {
        "product": "WM ANG CH RIBEYE THIN",
        "purchase_order_number": "0477466825",
        "quantity": 112,
        "quantity_unit_of_measure": "LB",
        "timestamp": "2020-08-03T05:26:13+00:00"
      },
      {
        "product": "WM ANG CH T-BONE STEAK",
        "purchase_order_number": "0477466825",
        "quantity": 38,
        "quantity_unit_of_measure": "LB",
        "timestamp": "2020-08-03T05:26:13+00:00"
      },
      {
        "product": "WM ANG CH TOP SIRLOIN",
        "purchase_order_number": "0477466825",
        "quantity": 51,
        "quantity_unit_of_measure": "LB",
        "timestamp": "2020-08-03T05:26:13+00:00"
      },
      {
        "product": "MILANESA",
        "purchase_order_number": "0477466825",
        "quantity": 200,
        "quantity_unit_of_measure": "LB",
        "timestamp": "2020-08-03T05:26:13+00:00"
      },
      {
        "product": "CUBED STEAK LG",
        "purchase_order_number": "0477466825",
        "quantity": 30,
        "quantity_unit_of_measure": "LB",
        "timestamp": "2020-08-03T05:26:13+00:00"
      },
      {
        "product": "CARNE PICADA LARGE",
        "purchase_order_number": "0477466825",
        "quantity": 32,
        "quantity_unit_of_measure": "LB",
        "timestamp": "2020-08-03T05:26:13+00:00"
      },
      {
        "product": "EYE OF ROUND THIN",
        "purchase_order_number": "0477466825",
        "quantity": 59,
        "quantity_unit_of_measure": "LB",
        "timestamp": "2020-08-03T05:26:13+00:00"
      },
      {
        "product": "SIRLOIN TIP THIN",
        "purchase_order_number": "0477466825",
        "quantity": 59,
        "quantity_unit_of_measure": "LB",
        "timestamp": "2020-08-03T05:26:13+00:00"
      },
      {
        "product": "STIR FRY",
        "purchase_order_number": "0477466825",
        "quantity": 30,
        "quantity_unit_of_measure": "LB",
        "timestamp": "2020-08-03T05:26:13+00:00"
      },
      {
        "product": "CUBE STEAK",
        "purchase_order_number": "0477466825",
        "quantity": 27,
        "quantity_unit_of_measure": "LB",
        "timestamp": "2020-08-03T05:26:13+00:00"
      },
      {
        "product": "CHUCK TENDER ROAST",
        "purchase_order_number": "0477466825",
        "quantity": 60,
        "quantity_unit_of_measure": "LB",
        "timestamp": "2020-08-03T05:26:13+00:00"
      },
      {
        "product": "STEW MEAT SUPER TRIM",
        "purchase_order_number": "0477466825",
        "quantity": 53,
        "quantity_unit_of_measure": "LB",
        "timestamp": "2020-08-03T05:26:13+00:00"
      },
      {
        "product": "STEW MEAT LG",
        "purchase_order_number": "0477466825",
        "quantity": 94,
        "quantity_unit_of_measure": "LB",
        "timestamp": "2020-08-03T05:26:13+00:00"
      },
      {
        "product": "WM CH ANG T-BONE XL TRAY",
        "purchase_order_number": "0477466825",
        "quantity": 30,
        "quantity_unit_of_measure": "LB",
        "timestamp": "2020-08-03T05:26:13+00:00"
      },
      {
        "product": "WM ANG CH RIBEYE STEAK",
        "purchase_order_number": "0477466825",
        "quantity": 105,
        "quantity_unit_of_measure": "LB",
        "timestamp": "2020-08-03T05:26:13+00:00"
      },
      {
        "product": "NY STRIP STEAK LG",
        "purchase_order_number": "0477466825",
        "quantity": 59,
        "quantity_unit_of_measure": "LB",
        "timestamp": "2020-08-03T05:26:13+00:00"
      },
      {
        "product": "WM ANG CHOICE CHUCK ROAST",
        "purchase_order_number": "0477466825",
        "quantity": 70,
        "quantity_unit_of_measure": "LB",
        "timestamp": "2020-08-03T05:26:13+00:00"
      },
      {
        "product": "CHUCK ROAST",
        "purchase_order_number": "0477466825",
        "quantity": 99,
        "quantity_unit_of_measure": "LB",
        "timestamp": "2020-08-03T05:26:13+00:00"
      },
      {
        "product": "CH PET FILET MIG",
        "purchase_order_number": "0477466825",
        "quantity": 4,
        "quantity_unit_of_measure": "LB",
        "timestamp": "2020-08-03T05:26:13+00:00"
      },
      {
        "product": "WM ANG CHOICE TENDERLOIN",
        "purchase_order_number": "0477466825",
        "quantity": 4,
        "quantity_unit_of_measure": "LB",
        "timestamp": "2020-08-03T05:26:13+00:00"
      },
      {
        "product": "CHOICE BNLS RIBEYE STEAK",
        "purchase_order_number": "0477466825",
        "quantity": 22,
        "quantity_unit_of_measure": "LB",
        "timestamp": "2020-08-03T05:26:13+00:00"
      }
    ],
    "trailer": {
      "id": "395928",
      "loaded_by": "supplier",
      "counted_by": "carrier"
    },
    "seals": [
      {
        "seal_number": "435723",
        "seal_status": "Intact"
      }
    ],
    "date_order_shipped": "2020-05-11",
    "date_order_delivered": "2020-05-15",
    "address_ship_from": {
      "street_address": "Universal Pure-Lnk",
      "address_line_2": "1601 Pioneers Blvd",
      "city": "Lincoln",
      "state": "NE",
      "zip_code": "68502"
    },
    "address_ship_to": {
      "street_address": "Walmart Grocery Whse 7016",
      "address_line_2": "10695 James Madison Hwy",
      "city": "Gordonsville",
      "state": "5/11/2020",
      "zip_code": "22942"
    },
    "freight_terms": "TBD",
    "carrier_name": "J.B. Hunt",
    "supplier_signature": "n/a",
    "carrier_signature": "n/a",
    "carrier_standard_carrier_alpha_code": "ABCD"
  },
  "timestamp": "2020-08-03T05:26:13+00:00"
}