{
  "action": "SUBMIT_INVOICE",
  "purchase_order_number": "4520236488",
  "invoice": {
    "invoice_number": "2905430536",
    "purchase_order_number": "4520236488",
    "timestamp": "2020-07-30T22:26:13+00:00",
    "buyer": "Tyson",
    "supplier": "Cargill",
    "products": [
      {
        "product": "EGGS,PRE,CKD,SCRAMBLED",
        "purchase_order_number": "4520236488",
        "quantity": 740,
        "quantity_unit_of_measure": "LB",
        "product_price": 46.7,
        "timestamp": "2020-07-30T22:26:13+00:00"
      }
    ]
  },
  "timestamp": "2020-07-30T22:26:13+00:00"
}