{
  "action": "PROPOSE_PURCHASE_ORDER",
  "purchase_order_number": "4520236488",
  "purchase_order": {
    "purchase_order_number": "4520236488",
    "buyer": "tys",
    "supplier": "cgl",
    "timestamp": "2020-07-30T00:26:13+00:00",
    "products": [
      {
        "product": "EGGS,PRE,CKD,SCRAMBLED",
        "purchase_order_number": "4520236488",
        "quantity": 740,
        "quantity_unit_of_measure": "LB",
        "product_price": 46.7,
        "timestamp": "2020-07-30T00:26:13+00:00"
      }
    ],
    "date_order_expected": "2020-05-13",
    "date_order_close": "2020-05-29",
    "address_ship_from": {
      "street_address": "Cargill Kitchen Solutions",
      "address_line_2": "206 W. 4th St",
      "city": "Monticello",
      "state": "MN",
      "zip_code": "55376"
    },
    "address_ship_to": {
      "street_address": "BOSCO'S PIZZA CO",
      "address_line_2": "25000 GUENTHER",
      "city": "Warren",
      "state": "MI",
      "zip_code": "48091"
    }
  },
  "timestamp": "2020-07-30T00:26:13+00:00"
}