{
  "action": "SET_RECEIPT",
  "purchase_order_number": "4520236488",
  "receipt": {
    "purchase_order_number": "4520236488",
    "timestamp": "2020-08-06T16:26:13+00:00",
    "buyer": "Tyson",
    "supplier": "Cargill",
    "products": [
      {
        "product": "EGGS,PRE,CKD,SCRAMBLED",
        "purchase_order_number": "4520236488",
        "quantity": 740,
        "quantity_unit_of_measure": "LB",
        "timestamp": "2020-08-06T16:26:13+00:00"
      }
    ],
    "date_order_received": "2020-05-13"
  },
  "timestamp": "2020-08-06T16:26:13+00:00"
}