PDF,Order Placed 1,25636220,03210780,Sysco,Cargill,SYS Fh Se Cmd Bf Btm Rnd Flat,108,LB, $6.7 
,Order Placed 1,25636220,03210780,Sysco,Cargill,SYS Fh Ch Ckd Cmd Bf DF 1232,56,LB, $3.3 
,Order Placed 1,25636220,03210780,Sysco,Cargill,SYS Fh Bf Clsc Pstrmi Btm Rnd,13,LB, $5.2 
,Order Placed 1,25636220,03210780,Sysco,Cargill,SYS Fh Slcd Rst Bf 344,250,LB, $6.1 
,Order Placed 1,25636220,03210780,Sysco,Cargill,SYS Fh Rst Bf No Roll,75,LB, $4.4 
,Order Placed 1,25636220,03210780,Sysco,Cargill,SYS Fh Tp Cp/Off Rst Bf Wh 10%,35,LB, $2.9 
,Order Placed 1,25636220,03210780,Sysco,Cargill,SYS Fh Slcd Smkd Ham WA 2400,53,LB, $3.5 
,Order Placed 1,25636220,03210780,Sysco,Cargill,SYS Fh Slcd OR Tky Brst,36,LB, $2.8 
,Order Placed 1,25636220,03210780,Sysco,Cargill,SYS Fh Slcd Smkd Tky Brst 2800,276,LB, $3.9 
PDF,Order Placed 2,25635448,0474815337,Walmart,Cargill,HSW Fz Pp 9.5 Nt Tm 10-16,768,LB, $3.5 
PDF,In-Transit 1,25647499,00991470,Sysco,Cargill,HP Ch Cld Pt Rst 0%,149,LB, $7.8 
,In-Transit 1,25647499,00991470,Sysco,Cargill,HP Low Sod Sld Rst Beef,120,LB, $3.4 
,In-Transit 1,25647499,00991470,Sysco,Cargill,HP Fz RTC Chef Ready 2 Pk,72,LB, $2.2 
PDF,In-Transit 2,25639937,0480698899,Walmart,Cargill,SBF Fh 85% Grd Turkey 8/1.3#,560,LB, $34.5 
,In-Transit 2,25639937,0480698899,Walmart,Cargill,SBF Fh Swt Itl Sg Ex Wt 8/1.25,208,LB, $19.5 
,In-Transit 2,25639937,0480698899,Walmart,Cargill,SBF Fh Grnd Tky Fam Pak 8/3#,336,LB, $36.7 
,In-Transit 2,25639937,0480698899,Walmart,Cargill,SBF Fh 85% Grd Tky Chub 12/1,330,LB, $15.4 
,In-Transit 2,25639937,0480698899,Walmart,Cargill,SBF Fh 93% Grd Turkey 8/3#,336,LB, $55.9 
PDF,Arrival 1,555332,00983120,Sysco,Cargill,TNT AnSeaPty 75/25 8z Hst,84,LB, $22.8 
,Arrival 1,555332,00983120,Sysco,Cargill,TNT Sea Pty 75/25 F03003,40,LB, $4.5 
PDF,Arrival 2,25642839,0480948407,Walmart,Cargill,PD Fh HS Tky Brst 4pk,60,LB, $5.6 
,Arrival 2,25642839,0480948407,Walmart,Cargill,PD Fh Reduced Sodium Turkey,36,LB, $4.3 
,Arrival 2,25642839,0480948407,Walmart,Cargill,PD Fh OR Maple Hny Tky Brst,30,LB, $3.8 
,Arrival 2,25642839,0480948407,Walmart,Cargill,PD Fh O/R Pepper Tky Brst,50,LB, $2.5 
,Arrival 2,25642839,0480948407,Walmart,Cargill,PD Fh Caj Style Tky Brst,40,LB, $4.9 
PDF,Payment 1,558749,348745,Sysco,Cargill,TNT Sea Pty 75/25 F03097,250,LB, $5.7 
PDF,Payment 2,29270390,0486174506,Walmart,Cargill,GB 85 Ang 4#/16 PY OW WM,200,LB, $75.6 
,Payment 2,29270390,0486174506,Walmart,Cargill,GBF 93 4.5#/18 OW WM,700,LB, $89.9 
PDF,Happy Path 1,25643411,0483831934,Walmart,Cargill,HSW Fh 85% Grd Tky Chub 12/1,120,LB, $24.0 
,Happy Path 1,25643411,0483831934,Walmart,Cargill,HSW Fh 85 Gr Tky Dry Ex Wt 6/3,256,LB, $40.0 
,Happy Path 1,25643411,0483831934,Walmart,Cargill,HSW Fh Wings 6/3 Tray,24,LB, $1.2 
,Happy Path 1,25643411,0483831934,Walmart,Cargill,HSW Fh Tky Drumsticks 6/2 Tray,56,LB, $1.8 
,Happy Path 1,25643411,0483831934,Walmart,Cargill,HSW Fh 93 GrTky Dry ExWt 6/1.2,130,LB, $14.4 
,Happy Path 1,25643411,0483831934,Walmart,Cargill,HSW Fh 85/15 GrTky ExWt 6/1.25,320,LB, $18.3 
,Happy Path 1,25643411,0483831934,Walmart,Cargill,HSW Fh Gr WhtDry Ex Wt 6/1.25#,160,LB, $22.1 
,Happy Path 1,25643411,0483831934,Walmart,Cargill,HSW Fh 85% Grd Tky Chub 3 lb.,88,LB, $28.5 
,Happy Path 1,25643411,0483831934,Walmart,Cargill,HSW Fh 93% Grd Tky Fam PK 6/3#,312,LB, $35.2 
,Happy Path 1,25643411,0483831934,Walmart,Cargill,HSW Fh 90% Grd Tky Chub 12/1,42,LB, $26.3 
PDF,Happy Path 2,25647983,0486519901,Walmart,Cargill,HSW Fh 85% Grd Tky Chub 12/1,400,LB, $21.3 
,Happy Path 2,25647983,0486519901,Walmart,Cargill,HSW Fh 85 Gr Tky Dry Ex Wt 6/3,20,LB, $30.3 
,Happy Path 2,25647983,0486519901,Walmart,Cargill,HSW Fh Tky Drumsticks 6/2 Tray,4,LB, $2.5 
,Happy Path 2,25647983,0486519901,Walmart,Cargill,HSW Fh Necks 6/2 Tray,1,LB, $1.1 
,Happy Path 2,25647983,0486519901,Walmart,Cargill,HSW Fh 93 GrTky Dry ExWt 6/1.2,130,LB, $13.2 
,Happy Path 2,25647983,0486519901,Walmart,Cargill,HSW Fh 85/15 GrTky ExWt 6/1.25,240,LB, $13.4 
,Happy Path 2,25647983,0486519901,Walmart,Cargill,HSW Fh Gr WhtDry Ex Wt 6/1.25#,80,LB, $26.9 
,Happy Path 2,25647983,0486519901,Walmart,Cargill,HSW Fh 85% Grd Tky Chub 3 lb.,96,LB, $28.6 
,Happy Path 2,25647983,0486519901,Walmart,Cargill,HSW Fh 93% Grd Tky Fam PK 6/3#,196,LB, $45.8 
,Happy Path 2,25647983,0486519901,Walmart,Cargill,HON Fh Gr Brst Ex Wt 6/1.0,90,LB, $23.7 
,Happy Path 2,25647983,0486519901,Walmart,Cargill,HON Fh 93 GrTky ExWt 6/1,90,LB, $15.8 
,Happy Path 2,25647983,0486519901,Walmart,Cargill,HSW Fh 90% Grd Tky Chub 12/1,28,LB, $25.6 
,Happy Path 2,25647983,0486519901,Walmart,Cargill,HSW Fh 93% Grd Tky Chub 12/1,28,LB, $25.8 
,Happy Path 2,25647983,0486519901,Walmart,Cargill,HSW DC Sklt Kit Ccnt Curry,52,LB, $22.8 
,Happy Path 2,25647983,0486519901,Walmart,Cargill,HSW DC Sklt Kit TomGarBasl,26,LB, $22.1 
,Happy Path 2,25647983,0486519901,Walmart,Cargill,HSW Fh Tky Tndrln Rotis Mrntd,3,LB, $32.0 
PDF,Happy Path 3,29245897,0476992434,Walmart,Cargill,GB 85 Ang 4#/16 PY OW WM,263,LB, $15.9 
PDF,Happy Path 4,29246581,0477466825,Walmart,Cargill,WM ANG CH LONDON BROIL,59,LB, $10.5 
,Happy Path 4,29246581,0477466825,Walmart,Cargill,WM ANG CH RUMP ROAST,32,LB, $9.7 
,Happy Path 4,29246581,0477466825,Walmart,Cargill,WM ANG CH RIBEYE THIN,112,LB, $15.2 
,Happy Path 4,29246581,0477466825,Walmart,Cargill,WM ANG CH T-BONE STEAK,38,LB, $12.4 
,Happy Path 4,29246581,0477466825,Walmart,Cargill,WM ANG CH TOP SIRLOIN,51,LB, $9.6 
,Happy Path 4,29246581,0477466825,Walmart,Cargill,MILANESA,200,LB, $9.7 
,Happy Path 4,29246581,0477466825,Walmart,Cargill,CUBED STEAK LG,30,LB, $10.5 
,Happy Path 4,29246581,0477466825,Walmart,Cargill,CARNE PICADA LARGE,32,LB, $6.7 
,Happy Path 4,29246581,0477466825,Walmart,Cargill,EYE OF ROUND THIN,59,LB, $9.0 
,Happy Path 4,29246581,0477466825,Walmart,Cargill,SIRLOIN TIP THIN,59,LB, $9.1 
,Happy Path 4,29246581,0477466825,Walmart,Cargill,STIR FRY,30,LB, $6.4 
,Happy Path 4,29246581,0477466825,Walmart,Cargill,CUBE STEAK,27,LB, $8.6 
,Happy Path 4,29246581,0477466825,Walmart,Cargill,CHUCK TENDER ROAST,60,LB, $8.0 
,Happy Path 4,29246581,0477466825,Walmart,Cargill,STEW MEAT SUPER TRIM,53,LB, $6.7 
,Happy Path 4,29246581,0477466825,Walmart,Cargill,STEW MEAT LG,94,LB, $13.2 
,Happy Path 4,29246581,0477466825,Walmart,Cargill,WM CH ANG T-BONE XL TRAY,30,LB, $10.5 
,Happy Path 4,29246581,0477466825,Walmart,Cargill,WM ANG CH RIBEYE STEAK,105,LB, $14.8 
,Happy Path 4,29246581,0477466825,Walmart,Cargill,NY STRIP STEAK LG,59,LB, $12.3 
,Happy Path 4,29246581,0477466825,Walmart,Cargill,WM ANG CHOICE CHUCK ROAST,70,LB, $9.8 
,Happy Path 4,29246581,0477466825,Walmart,Cargill,CHUCK ROAST,99,LB, $7.6 
,Happy Path 4,29246581,0477466825,Walmart,Cargill,CH PET FILET MIG,4,LB, $9.8 
,Happy Path 4,29246581,0477466825,Walmart,Cargill,WM ANG CHOICE TENDERLOIN,4,LB, $10.5 
,Happy Path 4,29246581,0477466825,Walmart,Cargill,CHOICE BNLS RIBEYE STEAK,22,LB, $10.6 
PDF,Happy Path 5,29261491,0482233182,Walmart,Cargill,GB NF 73 WM3 36,420,LB, $110.4 
,Happy Path 5,29261491,0482233182,Walmart,Cargill,GB NF 73 WM5 40,118,LB, $98.6 
,Happy Path 5,29261491,0482233182,Walmart,Cargill,GB NF 80Chk WM01 24,112,LB, $65.4 
,Happy Path 5,29261491,0482233182,Walmart,Cargill,GB NF 73 WM01 24,336,LB, $78.9 
,Happy Path 5,29261491,0482233182,Walmart,Cargill,GB NF 85 WM01 24,24,LB, $88.4 
PDF,Happy Path 6,4706783,0488577814,Walmart,Cargill,RMB TRIPE Scald 5# WM PP1,80,LB, $3.4 
,Happy Path 6,4706783,0488577814,Walmart,Cargill,RMB TRIPE Scld 2.75#WMPP1,96,LB, $2.2 
,Happy Path 6,4706783,0488577814,Walmart,Cargill,RMB TONGUE S/T WM PP1,160,LB, $6.7 
,Happy Path 6,4706783,0488577814,Walmart,Cargill,RMB TRIPAS MV WM,240,LB, $2.2 
,Happy Path 6,4706783,0488577814,Walmart,Cargill,RMB HC TRIPE 2.5# WM PP1,160,LB, $3.2 
,Happy Path 6,4706783,0488577814,Walmart,Cargill,RMB LIVER Slicd MV W-M PP,128,LB, $1.2 
,Happy Path 6,4706783,0488577814,Walmart,Cargill,RMB CHEEKMEAT 2# Fs MV WM,112,LB, $1.9 
,Happy Path 6,4706783,0488577814,Walmart,Cargill,RMB OXTAIL DeJoint WM PP1,240,LB, $4.6 
,Happy Path 6,4706783,0488577814,Walmart,Cargill,RMB MARROW BONE MV W-M PP,10,LB, $4.4 
,Happy Path 6,4706783,0488577814,Walmart,Cargill,RMB NECKBONE XCut MV WMPP,5,LB, $3.1 
,Happy Path 6,4706783,0488577814,Walmart,Cargill,SE BBCu Rb S/R RACK WM PP,105,LB, $1.4 
,Happy Path 6,4706783,0488577814,Walmart,Cargill,RMB TRIPE Scald3#DcdWM-PP,5,LB, $2.0 
PDF,Happy Path 7,4706792,0489025156,Walmart,Cargill,RMB TRIPE Scald 5# WM PP1,20,LB, $1.7 
,Happy Path 7,4706792,0489025156,Walmart,Cargill,RMB TRIPE Scld 2.75#WMPP1,24,LB, $1.8 
,Happy Path 7,4706792,0489025156,Walmart,Cargill,RMB TONGUE S/T WM PP1,21,LB, $4.8 
,Happy Path 7,4706792,0489025156,Walmart,Cargill,RMB TRIPAS MV WM,45,LB, $2.2 
,Happy Path 7,4706792,0489025156,Walmart,Cargill,RMB HC TRIPE 2.5# WM PP1,24,LB, $3.0 
,Happy Path 7,4706792,0489025156,Walmart,Cargill,RMB LIVER Slicd MV W-M PP,56,LB, $1.2 
,Happy Path 7,4706792,0489025156,Walmart,Cargill,RMB CHEEKMEAT 2# Fs MV WM,16,LB, $3.0 
,Happy Path 7,4706792,0489025156,Walmart,Cargill,RMB OXTAIL DeJoint WM PP1,20,LB, $7.9 
,Happy Path 7,4706792,0489025156,Walmart,Cargill,RMB MARROW BONE MV W-M PP,25,LB, $2.9 
,Happy Path 7,4706792,0489025156,Walmart,Cargill,SE BBCu Rb S/R RACK WM PP,30,LB, $2.0 
,Happy Path 7,4706792,0489025156,Walmart,Cargill,SE BBCue Chx RIBLET WM PP,40,LB, $3.8 
,Happy Path 7,4706792,0489025156,Walmart,Cargill,SE BRISKET W-Mart PP 5/Bx,25,LB, $1.8 
,Happy Path 7,4706792,0489025156,Walmart,Cargill,SE INSIDE SKIRT VP WM-PP,5,LB, $2.2 
PDF,Happy Path 8,553949,0474279145,Walmart,Cargill,Sam SirPty 85/15 5.3z Rd,900,LB, $5.9 
,Happy Path 8,553949,0474279145,Walmart,Cargill,Sam Sea Pty 75/25 4z Ovt,540,LB, $1.2 
PDF,Happy Path 9,555695,0480081516,Walmart,Cargill,WM GB CHUB 85/15 1 LB FZ,252,LB, $55.0 
,Happy Path 9,555695,0480081516,Walmart,Cargill,WM GB CHUB 73/27 1LB FZ,336,LB, $44.2 
PDF,Happy Path 10,558368,0487757580,Walmart,Cargill,Sam AnSeaPty80/20 5.3zRd,850,LB, $5.3 
,Happy Path 10,558368,0487757580,Walmart,Cargill,Sam SirPty 85/15 5.3z Rd,200,LB, $6.7 
,Happy Path 11,2905430536,4520236488,Tyson,Cargill,"EGGS,PRE,CKD,SCRAMBLED",740,LB, $46.7 ,
,Happy Path 12,2905445739,4520239736,Tyson,Cargill,"EGGS,PRE,CKD,SCRAMBLED",585,LB, $42.4 ,
