PDF,In-Transit 1,25647499,00991470,Sysco,Cargill,HP Ch Cld Pt Rst 0%,149,LB, $7.8 
,In-Transit 1,25647499,00991470,Sysco,Cargill,HP Low Sod Sld Rst Beef,120,LB, $3.4 
,In-Transit 1,25647499,00991470,Sysco,Cargill,HP Fz RTC Chef Ready 2 Pk,16,LB, $2.2 
PDF,In-Transit 2,25639937,0480698899,Walmart,Cargill,SBF Fh 85% Grd Turkey 8/1.3#,500,LB, $34.5 
,In-Transit 2,25639937,0480698899,Walmart,Cargill,SBF Fh Swt Itl Sg Ex Wt 8/1.25,208,LB, $19.5 
,In-Transit 2,25639937,0480698899,Walmart,Cargill,SBF Fh Grnd Tky Fam Pak 8/3#,336,LB, $36.7 
,In-Transit 2,25639937,0480698899,Walmart,Cargill,SBF Fh 85% Grd Tky Chub 12/1,330,LB, $15.4 
,In-Transit 2,25639937,0480698899,Walmart,Cargill,SBF Fh 93% Grd Turkey 8/3#,336,LB, $55.9 
PDF,Arrival 1,555332,00983120,Sysco,Cargill,TNT AnSeaPty 75/25 8z Hst,44,LB, $22.8 
,Arrival 1,555332,00983120,Sysco,Cargill,TNT Sea Pty 75/25 F03003,40,LB, $4.5 
PDF,Arrival 2,25642839,0480948407,Walmart,Cargill,PD Fh HS Tky Brst 4pk,60,LB, $5.6 
,Arrival 2,25642839,0480948407,Walmart,Cargill,PD Fh Reduced Sodium Turkey,15,LB, $4.3 
,Arrival 2,25642839,0480948407,Walmart,Cargill,PD Fh OR Maple Hny Tky Brst,30,LB, $3.8 
,Arrival 2,25642839,0480948407,Walmart,Cargill,PD Fh O/R Pepper Tky Brst,50,LB, $2.5 
,Arrival 2,25642839,0480948407,Walmart,Cargill,PD Fh Caj Style Tky Brst,40,LB, $4.9 
