Order Placed 1,WO-534668,Sysco,Cargill,J.B. Hunt,03210780,SYS Fh Se Cmd Bf Btm Rnd Flat,88,LB,N0367391,,,724556,Intact,5/16/2020,5/19/2020,Universal Pure-Lnk,1601 Pioneers Blvd,Lincoln,NE,68502,SYSCO RDC FL BAUGH,12421 NW 173rd St,Alachua,FL,32615,TBD,J.B. Hunt,n/a,n/a
Order Placed 1,WO-534668,Sysco,Cargill,J.B. Hunt,03210780,SYS Fh Ch Ckd Cmd Bf DF 1232,56,LB,N0367391,,,724556,Intact,5/16/2020,5/19/2020,Universal Pure-Lnk,1601 Pioneers Blvd,Lincoln,NE,68502,SYSCO RDC FL BAUGH,12422 NW 173rd St,Alachua,FL,32615,TBD,J.B. Hunt,n/a,n/a
Order Placed 1,WO-534668,Sysco,Cargill,J.B. Hunt,03210780,SYS Fh Bf Clsc Pstrmi Btm Rnd,13,LB,N0367391,,,724556,Intact,5/16/2020,5/19/2020,Universal Pure-Lnk,1601 Pioneers Blvd,Lincoln,NE,68502,SYSCO RDC FL BAUGH,12423 NW 173rd St,Alachua,FL,32615,TBD,J.B. Hunt,n/a,n/a
Order Placed 1,WO-534668,Sysco,Cargill,J.B. Hunt,03210780,SYS Fh Slcd Rst Bf 344,250,LB,N0367391,,,724556,Intact,5/16/2020,5/19/2020,Universal Pure-Lnk,1601 Pioneers Blvd,Lincoln,NE,68502,SYSCO RDC FL BAUGH,12424 NW 173rd St,Alachua,FL,32615,TBD,J.B. Hunt,n/a,n/a
Order Placed 1,WO-534668,Sysco,Cargill,J.B. Hunt,03210780,SYS Fh Rst Bf No Roll,60,LB,N0367391,,,724556,Intact,5/16/2020,5/19/2020,Universal Pure-Lnk,1601 Pioneers Blvd,Lincoln,NE,68502,SYSCO RDC FL BAUGH,12425 NW 173rd St,Alachua,FL,32615,TBD,J.B. Hunt,n/a,n/a
Order Placed 1,WO-534668,Sysco,Cargill,J.B. Hunt,03210780,SYS Fh Tp Cp/Off Rst Bf Wh 10%,35,LB,N0367391,,,724556,Intact,5/16/2020,5/19/2020,Universal Pure-Lnk,1601 Pioneers Blvd,Lincoln,NE,68502,SYSCO RDC FL BAUGH,12426 NW 173rd St,Alachua,FL,32615,TBD,J.B. Hunt,n/a,n/a
Order Placed 1,WO-534668,Sysco,Cargill,J.B. Hunt,03210780,SYS Fh Slcd Smkd Ham WA 2400,53,LB,N0367391,,,724556,Intact,5/16/2020,5/19/2020,Universal Pure-Lnk,1601 Pioneers Blvd,Lincoln,NE,68502,SYSCO RDC FL BAUGH,12427 NW 173rd St,Alachua,FL,32615,TBD,J.B. Hunt,n/a,n/a
Order Placed 1,WO-534668,Sysco,Cargill,J.B. Hunt,03210780,SYS Fh Slcd OR Tky Brst,36,LB,N0367391,,,724556,Intact,5/16/2020,5/19/2020,Universal Pure-Lnk,1601 Pioneers Blvd,Lincoln,NE,68502,SYSCO RDC FL BAUGH,12428 NW 173rd St,Alachua,FL,32615,TBD,J.B. Hunt,n/a,n/a
Order Placed 1,WO-534668,Sysco,Cargill,J.B. Hunt,03210780,SYS Fh Slcd Smkd Tky Brst 2800,276,LB,N0367391,,,724556,Intact,5/16/2020,5/19/2020,Universal Pure-Lnk,1601 Pioneers Blvd,Lincoln,NE,68502,SYSCO RDC FL BAUGH,12429 NW 173rd St,Alachua,FL,32615,TBD,J.B. Hunt,n/a,n/a
Order Placed 2,WO-439081,Walmart,Cargill,J.B. Hunt,0474815337,HSW Fz Pp 9.5 Nt Tm 10-16,704,LB,333999,,,444992,Intact,5/12/2020,5/14/2020,AM-C Warehouses,1212 Antler Drive,Mansfield,TX,76063,WALMART 6064 CLEBURNE AMC FZWB,1212 Antler Dr,Mansfield,TX,76063,TBD,J.B. Hunt,n/a,n/a
In-Transit 1,WO-537669,Sysco,Cargill,J.B. Hunt,00991470,HP Ch Cld Pt Rst 0%,149,LB,N03698324,,,8737617,Broken,6/19/2020,6/24/2020,Universal Pure-Lnk,1601 Pioneers Blvd,Lincoln,NE,68502,SYSCO ALASKA PS&L,1039 Valley Ave NW,Puyallup,WA,98370,TBD,J.B. Hunt,n/a,n/a
In-Transit 1,WO-537669,Sysco,Cargill,J.B. Hunt,00991470,HP Low Sod Sld Rst Beef,120,LB,N03698324,,,8737617,Broken,6/19/2020,6/24/2020,Universal Pure-Lnk,1601 Pioneers Blvd,Lincoln,NE,68502,SYSCO ALASKA PS&L,1039 Valley Ave NW,Puyallup,WA,98370,TBD,J.B. Hunt,n/a,n/a
In-Transit 1,WO-537669,Sysco,Cargill,J.B. Hunt,00991470,HP Fz RTC Chef Ready 2 Pk,72,LB,N03698324,,,8737617,Broken,6/19/2020,6/24/2020,Universal Pure-Lnk,1601 Pioneers Blvd,Lincoln,NE,68502,SYSCO ALASKA PS&L,1039 Valley Ave NW,Puyallup,WA,98370,TBD,J.B. Hunt,n/a,n/a
In-Transit 2,WO-557788,Walmart,Cargill,J.B. Hunt,0480698899,SBF Fh 85% Grd Turkey 8/1.3#,560,LB,557449,,,55559,Broken,5/28/2020,5/30/2020,Universal Pure-Lnk,1601 Pioneers Blvd,Lincoln,NE,68502,WAL MART POTTSVILLE 7030,390 Highridge Park Rd,Pottsville,PA,17901,TBD,J.B. Hunt,n/a,n/a
In-Transit 2,WO-557788,Walmart,Cargill,J.B. Hunt,0480698899,SBF Fh Swt Itl Sg Ex Wt 8/1.25,208,LB,557449,,,55559,Broken,5/28/2020,5/30/2020,Universal Pure-Lnk,1601 Pioneers Blvd,Lincoln,NE,68502,WAL MART POTTSVILLE 7030,390 Highridge Park Rd,Pottsville,PA,17901,TBD,J.B. Hunt,n/a,n/a
In-Transit 2,WO-557788,Walmart,Cargill,J.B. Hunt,0480698899,SBF Fh Grnd Tky Fam Pak 8/3#,336,LB,557449,,,55559,Broken,5/28/2020,5/30/2020,Universal Pure-Lnk,1601 Pioneers Blvd,Lincoln,NE,68502,WAL MART POTTSVILLE 7030,390 Highridge Park Rd,Pottsville,PA,17901,TBD,J.B. Hunt,n/a,n/a
In-Transit 2,WO-557788,Walmart,Cargill,J.B. Hunt,0480698899,SBF Fh 85% Grd Tky Chub 12/1,330,LB,557449,,,55559,Broken,5/28/2020,5/30/2020,Universal Pure-Lnk,1601 Pioneers Blvd,Lincoln,NE,68502,WAL MART POTTSVILLE 7030,390 Highridge Park Rd,Pottsville,PA,17901,TBD,J.B. Hunt,n/a,n/a
In-Transit 2,WO-557788,Walmart,Cargill,J.B. Hunt,0480698899,SBF Fh 93% Grd Turkey 8/3#,336,LB,557449,,,55559,Broken,5/28/2020,5/30/2020,Universal Pure-Lnk,1601 Pioneers Blvd,Lincoln,NE,68502,WAL MART POTTSVILLE 7030,390 Highridge Park Rd,Pottsville,PA,17901,TBD,J.B. Hunt,n/a,n/a
Arrival 1,WO-333889,Sysco,Cargill,J.B. Hunt,00983120,TNT AnSeaPty 75/25 8z Hst,84,LB,382746,,,404948,Intact,6/1/2020,6/4/2020,Universal Pure-Lnk,1601 Pioneers Blvd,Lincoln,NE,68502,SYSCO ALASKA PS&L,1039 Valley Ave NW,Puyallup,WA,98371,TBD,J.B. Hunt,n/a,n/a
Arrival 1,WO-333889,Sysco,Cargill,J.B. Hunt,00983120,TNT Sea Pty 75/25 F03003,40,LB,382746,,,404948,Intact,6/1/2020,6/4/2020,Universal Pure-Lnk,1601 Pioneers Blvd,Lincoln,NE,68502,SYSCO ALASKA PS&L,1039 Valley Ave NW,Puyallup,WA,98371,TBD,J.B. Hunt,n/a,n/a
Arrival 2,WO-536347,Walmart,Cargill,J.B. Hunt,0480948407,PD Fh HS Tky Brst 4pk,60,LB,N03690599,,,0724885,Intact,6/6/2020,6/7/2020,Universal Pure-Lnk,1601 Pioneers Blvd,Lincoln,NE,68502,SYSCO ALASKA PS&L,1039 Valley Ave NW,North Platte,NE,69101,TBD,J.B. Hunt,n/a,n/a
Arrival 2,WO-536347,Walmart,Cargill,J.B. Hunt,0480948407,PD Fh Reduced Sodium Turkey,36,LB,N03690599,,,0724885,Intact,6/6/2020,6/7/2020,Universal Pure-Lnk,1601 Pioneers Blvd,Lincoln,NE,68502,WALMART 7018 NO PLATTE DELI,3001 E State Farm Rd,North Platte,NE,69101,TBD,J.B. Hunt,n/a,n/a
Arrival 2,WO-536347,Walmart,Cargill,J.B. Hunt,0480948407,PD Fh OR Maple Hny Tky Brst,30,LB,N03690599,,,0724885,Intact,6/6/2020,6/7/2020,Universal Pure-Lnk,1601 Pioneers Blvd,Lincoln,NE,68502,WALMART 7018 NO PLATTE DELI,3001 E State Farm Rd,North Platte,NE,69101,TBD,J.B. Hunt,n/a,n/a
Arrival 2,WO-536347,Walmart,Cargill,J.B. Hunt,0480948407,PD Fh O/R Pepper Tky Brst,50,LB,N03690599,,,0724885,Intact,6/6/2020,6/7/2020,Universal Pure-Lnk,1601 Pioneers Blvd,Lincoln,NE,68502,WALMART 7018 NO PLATTE DELI,3001 E State Farm Rd,North Platte,NE,69101,TBD,J.B. Hunt,n/a,n/a
Arrival 2,WO-536347,Walmart,Cargill,J.B. Hunt,0480948407,PD Fh Caj Style Tky Brst,40,LB,N03690599,,,0724885,Intact,6/6/2020,6/7/2020,Universal Pure-Lnk,1601 Pioneers Blvd,Lincoln,NE,68502,WALMART 7018 NO PLATTE DELI,3001 E State Farm Rd,North Platte,NE,69101,TBD,J.B. Hunt,n/a,n/a
Payment 1,WO-444777,Sysco,Cargill,J.B. Hunt,348745,TNT Sea Pty 75/25 F03097,250,LB,248522,,,292827,Intact,7/6/2020,7/9/2020,Universal Pure-Lnk,1601 Pioneers Blvd,Lincoln,NE,68502,SYSCO-CAL HONO,634 S Mission Rd,Los Angeles,CA,90023,TBD,J.B. Hunt,n/a,n/a
Payment 2,WO-987234,Walmart,Cargill,J.B. Hunt,0486174506,GB 85 Ang 4#/16 PY OW WM,200,LB,338855,,,444666,Intact,6/15/2020,6/17/2020,Universal Pure-Lnk,1601 Pioneers Blvd,Lincoln,NE,68502,Walmart Grocery CHUB 7012,1400 Old Chillicothe Rd S,Washington Cour,OH,43160,TBD,J.B. Hunt,n/a,n/a
Payment 2,WO-987234,Walmart,Cargill,J.B. Hunt,0486174506,GBF 93 4.5#/18 OW WM,700,LB,338855,,,444666,Intact,6/15/2020,6/17/2020,Universal Pure-Lnk,1601 Pioneers Blvd,Lincoln,NE,68502,Walmart Grocery CHUB 7012,1400 Old Chillicothe Rd S,Washington Cour,OH,43160,TBD,J.B. Hunt,n/a,n/a
Happy Path 1,WO-121314,Walmart,Cargill,J.B. Hunt,0483831934,HSW Fh 85% Grd Tky Chub 12/1,120,LB,394824,,,554554,Intact,6/8/2020,6/11/2020,Universal Pure-Lnk,1601 Pioneers Blvd,Lincoln,NE,68502,WALMART 7055 GAS CITY,100 Fisher Pkwy,Gas City,IN,46933,TBD,J.B. Hunt,n/a,n/a
Happy Path 1,WO-121314,Walmart,Cargill,J.B. Hunt,0483831934,HSW Fh 85 Gr Tky Dry Ex Wt 6/3,256,LB,394824,,,554554,Intact,6/8/2020,6/11/2020,Universal Pure-Lnk,1601 Pioneers Blvd,Lincoln,NE,68502,WALMART 7055 GAS CITY,100 Fisher Pkwy,Gas City,IN,46933,TBD,J.B. Hunt,n/a,n/a
Happy Path 1,WO-121314,Walmart,Cargill,J.B. Hunt,0483831934,HSW Fh Wings 6/3 Tray,24,LB,394824,,,554554,Intact,6/8/2020,6/11/2020,Universal Pure-Lnk,1601 Pioneers Blvd,Lincoln,NE,68502,WALMART 7055 GAS CITY,100 Fisher Pkwy,Gas City,IN,46933,TBD,J.B. Hunt,n/a,n/a
Happy Path 1,WO-121314,Walmart,Cargill,J.B. Hunt,0483831934,HSW Fh Tky Drumsticks 6/2 Tray,56,LB,394824,,,554554,Intact,6/8/2020,6/11/2020,Universal Pure-Lnk,1601 Pioneers Blvd,Lincoln,NE,68502,WALMART 7055 GAS CITY,100 Fisher Pkwy,Gas City,IN,46933,TBD,J.B. Hunt,n/a,n/a
Happy Path 1,WO-121314,Walmart,Cargill,J.B. Hunt,0483831934,HSW Fh 93 GrTky Dry ExWt 6/1.2,130,LB,394824,,,554554,Intact,6/8/2020,6/11/2020,Universal Pure-Lnk,1601 Pioneers Blvd,Lincoln,NE,68502,WALMART 7055 GAS CITY,100 Fisher Pkwy,Gas City,IN,46933,TBD,J.B. Hunt,n/a,n/a
Happy Path 1,WO-121314,Walmart,Cargill,J.B. Hunt,0483831934,HSW Fh 85/15 GrTky ExWt 6/1.25,320,LB,394824,,,554554,Intact,6/8/2020,6/11/2020,Universal Pure-Lnk,1601 Pioneers Blvd,Lincoln,NE,68502,WALMART 7055 GAS CITY,100 Fisher Pkwy,Gas City,IN,46933,TBD,J.B. Hunt,n/a,n/a
Happy Path 1,WO-121314,Walmart,Cargill,J.B. Hunt,0483831934,HSW Fh Gr WhtDry Ex Wt 6/1.25#,160,LB,394824,,,554554,Intact,6/8/2020,6/11/2020,Universal Pure-Lnk,1601 Pioneers Blvd,Lincoln,NE,68502,WALMART 7055 GAS CITY,100 Fisher Pkwy,Gas City,IN,46933,TBD,J.B. Hunt,n/a,n/a
Happy Path 1,WO-121314,Walmart,Cargill,J.B. Hunt,0483831934,HSW Fh 85% Grd Tky Chub 3 lb.,88,LB,394824,,,554554,Intact,6/8/2020,6/11/2020,Universal Pure-Lnk,1601 Pioneers Blvd,Lincoln,NE,68502,WALMART 7055 GAS CITY,100 Fisher Pkwy,Gas City,IN,46933,TBD,J.B. Hunt,n/a,n/a
Happy Path 1,WO-121314,Walmart,Cargill,J.B. Hunt,0483831934,HSW Fh 93% Grd Tky Fam PK 6/3#,312,LB,394824,,,554554,Intact,6/8/2020,6/11/2020,Universal Pure-Lnk,1601 Pioneers Blvd,Lincoln,NE,68502,WALMART 7055 GAS CITY,100 Fisher Pkwy,Gas City,IN,46933,TBD,J.B. Hunt,n/a,n/a
Happy Path 1,WO-121314,Walmart,Cargill,J.B. Hunt,0483831934,HSW Fh 90% Grd Tky Chub 12/1,42,LB,394824,,,554554,Intact,6/8/2020,6/11/2020,Universal Pure-Lnk,1601 Pioneers Blvd,Lincoln,NE,68502,WALMART 7055 GAS CITY,100 Fisher Pkwy,Gas City,IN,46933,TBD,J.B. Hunt,n/a,n/a
Happy Path 2,WO-426845,Walmart,Cargill,J.B. Hunt,0486519901,HSW Fh 85% Grd Tky Chub 12/1,400,LB,668997,,,947555,Intact,6/20/2020,6/23/2020,Universal Pure-Lnk,1601 Pioneers Blvd,Lincoln,NE,68502,WALMART 7015 BARTLSVL,TLSVL 397319 W 3000 Rd,Ochelata,OK,74051,TBD,J.B. Hunt,n/a,n/a
Happy Path 2,WO-426845,Walmart,Cargill,J.B. Hunt,0486519901,HSW Fh 85 Gr Tky Dry Ex Wt 6/3,20,LB,668997,,,947555,Intact,6/20/2020,6/23/2020,Universal Pure-Lnk,1601 Pioneers Blvd,Lincoln,NE,68502,WALMART 7015 BARTLSVL,TLSVL 397319 W 3000 Rd,Ochelata,OK,74051,TBD,J.B. Hunt,n/a,n/a
Happy Path 2,WO-426845,Walmart,Cargill,J.B. Hunt,0486519901,HSW Fh Tky Drumsticks 6/2 Tray,4,LB,668997,,,947555,Intact,6/20/2020,6/23/2020,Universal Pure-Lnk,1601 Pioneers Blvd,Lincoln,NE,68502,WALMART 7015 BARTLSVL,TLSVL 397319 W 3000 Rd,Ochelata,OK,74051,TBD,J.B. Hunt,n/a,n/a
Happy Path 2,WO-426845,Walmart,Cargill,J.B. Hunt,0486519901,HSW Fh Necks 6/2 Tray,1,LB,668997,,,947555,Intact,6/20/2020,6/23/2020,Universal Pure-Lnk,1601 Pioneers Blvd,Lincoln,NE,68502,WALMART 7015 BARTLSVL,TLSVL 397319 W 3000 Rd,Ochelata,OK,74051,TBD,J.B. Hunt,n/a,n/a
Happy Path 2,WO-426845,Walmart,Cargill,J.B. Hunt,0486519901,HSW Fh 93 GrTky Dry ExWt 6/1.2,130,LB,668997,,,947555,Intact,6/20/2020,6/23/2020,Universal Pure-Lnk,1601 Pioneers Blvd,Lincoln,NE,68502,WALMART 7015 BARTLSVL,TLSVL 397319 W 3000 Rd,Ochelata,OK,74051,TBD,J.B. Hunt,n/a,n/a
Happy Path 2,WO-426845,Walmart,Cargill,J.B. Hunt,0486519901,HSW Fh 85/15 GrTky ExWt 6/1.25,240,LB,668997,,,947555,Intact,6/20/2020,6/23/2020,Universal Pure-Lnk,1601 Pioneers Blvd,Lincoln,NE,68502,WALMART 7015 BARTLSVL,TLSVL 397319 W 3000 Rd,Ochelata,OK,74051,TBD,J.B. Hunt,n/a,n/a
Happy Path 2,WO-426845,Walmart,Cargill,J.B. Hunt,0486519901,HSW Fh Gr WhtDry Ex Wt 6/1.25#,80,LB,668997,,,947555,Intact,6/20/2020,6/23/2020,Universal Pure-Lnk,1601 Pioneers Blvd,Lincoln,NE,68502,WALMART 7015 BARTLSVL,TLSVL 397319 W 3000 Rd,Ochelata,OK,74051,TBD,J.B. Hunt,n/a,n/a
Happy Path 2,WO-426845,Walmart,Cargill,J.B. Hunt,0486519901,HSW Fh 85% Grd Tky Chub 3 lb.,96,LB,668997,,,947555,Intact,6/20/2020,6/23/2020,Universal Pure-Lnk,1601 Pioneers Blvd,Lincoln,NE,68502,WALMART 7015 BARTLSVL,TLSVL 397319 W 3000 Rd,Ochelata,OK,74051,TBD,J.B. Hunt,n/a,n/a
Happy Path 2,WO-426845,Walmart,Cargill,J.B. Hunt,0486519901,HSW Fh 93% Grd Tky Fam PK 6/3#,196,LB,668997,,,947555,Intact,6/20/2020,6/23/2020,Universal Pure-Lnk,1601 Pioneers Blvd,Lincoln,NE,68502,WALMART 7015 BARTLSVL,TLSVL 397319 W 3000 Rd,Ochelata,OK,74051,TBD,J.B. Hunt,n/a,n/a
Happy Path 2,WO-426845,Walmart,Cargill,J.B. Hunt,0486519901,HON Fh Gr Brst Ex Wt 6/1.0,90,LB,668997,,,947555,Intact,6/20/2020,6/23/2020,Universal Pure-Lnk,1601 Pioneers Blvd,Lincoln,NE,68502,WALMART 7015 BARTLSVL,TLSVL 397319 W 3000 Rd,Ochelata,OK,74051,TBD,J.B. Hunt,n/a,n/a
Happy Path 2,WO-426845,Walmart,Cargill,J.B. Hunt,0486519901,HON Fh 93 GrTky ExWt 6/1,90,LB,668997,,,947555,Intact,6/20/2020,6/23/2020,Universal Pure-Lnk,1601 Pioneers Blvd,Lincoln,NE,68502,WALMART 7015 BARTLSVL,TLSVL 397319 W 3000 Rd,Ochelata,OK,74051,TBD,J.B. Hunt,n/a,n/a
Happy Path 2,WO-426845,Walmart,Cargill,J.B. Hunt,0486519901,HSW Fh 90% Grd Tky Chub 12/1,28,LB,668997,,,947555,Intact,6/20/2020,6/23/2020,Universal Pure-Lnk,1601 Pioneers Blvd,Lincoln,NE,68502,WALMART 7015 BARTLSVL,TLSVL 397319 W 3000 Rd,Ochelata,OK,74051,TBD,J.B. Hunt,n/a,n/a
Happy Path 2,WO-426845,Walmart,Cargill,J.B. Hunt,0486519901,HSW Fh 93% Grd Tky Chub 12/1,28,LB,668997,,,947555,Intact,6/20/2020,6/23/2020,Universal Pure-Lnk,1601 Pioneers Blvd,Lincoln,NE,68502,WALMART 7015 BARTLSVL,TLSVL 397319 W 3000 Rd,Ochelata,OK,74051,TBD,J.B. Hunt,n/a,n/a
Happy Path 2,WO-426845,Walmart,Cargill,J.B. Hunt,0486519901,HSW DC Sklt Kit Ccnt Curry,52,LB,668997,,,947555,Intact,6/20/2020,6/23/2020,Universal Pure-Lnk,1601 Pioneers Blvd,Lincoln,NE,68502,WALMART 7015 BARTLSVL,TLSVL 397319 W 3000 Rd,Ochelata,OK,74051,TBD,J.B. Hunt,n/a,n/a
Happy Path 2,WO-426845,Walmart,Cargill,J.B. Hunt,0486519901,HSW DC Sklt Kit TomGarBasl,26,LB,668997,,,947555,Intact,6/20/2020,6/23/2020,Universal Pure-Lnk,1601 Pioneers Blvd,Lincoln,NE,68502,WALMART 7015 BARTLSVL,TLSVL 397319 W 3000 Rd,Ochelata,OK,74051,TBD,J.B. Hunt,n/a,n/a
Happy Path 2,WO-426845,Walmart,Cargill,J.B. Hunt,0486519901,HSW Fh Tky Tndrln Rotis Mrntd,3,LB,668997,,,947555,Intact,6/20/2020,6/23/2020,Universal Pure-Lnk,1601 Pioneers Blvd,Lincoln,NE,68502,WALMART 7015 BARTLSVL,TLSVL 397319 W 3000 Rd,Ochelata,OK,74051,TBD,J.B. Hunt,n/a,n/a
Happy Path 3,WO-000002,Walmart,Cargill,J.B. Hunt,0476992434,GB 85 Ang 4#/16 PY OW WM,263,LB,223445,,,435723,Intact,5/11/2020,5/14/2020,Universal Pure-Lnk,1601 Pioneers Blvd,Lincoln,NE,68502,Walmart Grocery Whse 7084,1001 Columbia Ave,Riverside,CA,92507,TBD,J.B. Hunt,n/a,n/a
Happy Path 4,WO-100300,Walmart,Cargill,J.B. Hunt,0477466825,WM ANG CH LONDON BROIL,59,LB,395928,,,435723,Intact,5/11/2020,5/15/2020,Universal Pure-Lnk,1601 Pioneers Blvd,Lincoln,NE,68502,Walmart Grocery Whse 7016,10695 James Madison Hwy,Gordonsville,VA,22942,TBD,J.B. Hunt,n/a,n/a
Happy Path 4,WO-100300,Walmart,Cargill,J.B. Hunt,0477466825,WM ANG CH RUMP ROAST,32,LB,395928,,,435723,Intact,5/11/2020,5/15/2020,Universal Pure-Lnk,1601 Pioneers Blvd,Lincoln,NE,68502,Walmart Grocery Whse 7016,10695 James Madison Hwy,Gordonsville,VA,22942,TBD,J.B. Hunt,n/a,n/a
Happy Path 4,WO-100300,Walmart,Cargill,J.B. Hunt,0477466825,WM ANG CH RIBEYE THIN,112,LB,395928,,,435723,Intact,5/11/2020,5/15/2020,Universal Pure-Lnk,1601 Pioneers Blvd,Lincoln,NE,68502,Walmart Grocery Whse 7016,10695 James Madison Hwy,Gordonsville,VA,22942,TBD,J.B. Hunt,n/a,n/a
Happy Path 4,WO-100300,Walmart,Cargill,J.B. Hunt,0477466825,WM ANG CH T-BONE STEAK,38,LB,395928,,,435723,Intact,5/11/2020,5/15/2020,Universal Pure-Lnk,1601 Pioneers Blvd,Lincoln,NE,68502,Walmart Grocery Whse 7016,10695 James Madison Hwy,Gordonsville,VA,22942,TBD,J.B. Hunt,n/a,n/a
Happy Path 4,WO-100300,Walmart,Cargill,J.B. Hunt,0477466825,WM ANG CH TOP SIRLOIN,51,LB,395928,,,435723,Intact,5/11/2020,5/15/2020,Universal Pure-Lnk,1601 Pioneers Blvd,Lincoln,NE,68502,Walmart Grocery Whse 7016,10695 James Madison Hwy,Gordonsville,VA,22942,TBD,J.B. Hunt,n/a,n/a
Happy Path 4,WO-100300,Walmart,Cargill,J.B. Hunt,0477466825,MILANESA,200,LB,395928,,,435723,Intact,5/11/2020,5/15/2020,Universal Pure-Lnk,1601 Pioneers Blvd,Lincoln,NE,68502,Walmart Grocery Whse 7016,10695 James Madison Hwy,Gordonsville,VA,22942,TBD,J.B. Hunt,n/a,n/a
Happy Path 4,WO-100300,Walmart,Cargill,J.B. Hunt,0477466825,CUBED STEAK LG,30,LB,395928,,,435723,Intact,5/11/2020,5/15/2020,Universal Pure-Lnk,1601 Pioneers Blvd,Lincoln,NE,68502,Walmart Grocery Whse 7016,10695 James Madison Hwy,Gordonsville,VA,22942,TBD,J.B. Hunt,n/a,n/a
Happy Path 4,WO-100300,Walmart,Cargill,J.B. Hunt,0477466825,CARNE PICADA LARGE,32,LB,395928,,,435723,Intact,5/11/2020,5/15/2020,Universal Pure-Lnk,1601 Pioneers Blvd,Lincoln,NE,68502,Walmart Grocery Whse 7016,10695 James Madison Hwy,Gordonsville,VA,22942,TBD,J.B. Hunt,n/a,n/a
Happy Path 4,WO-100300,Walmart,Cargill,J.B. Hunt,0477466825,EYE OF ROUND THIN,59,LB,395928,,,435723,Intact,5/11/2020,5/15/2020,Universal Pure-Lnk,1601 Pioneers Blvd,Lincoln,NE,68502,Walmart Grocery Whse 7016,10695 James Madison Hwy,Gordonsville,VA,22942,TBD,J.B. Hunt,n/a,n/a
Happy Path 4,WO-100300,Walmart,Cargill,J.B. Hunt,0477466825,SIRLOIN TIP THIN,59,LB,395928,,,435723,Intact,5/11/2020,5/15/2020,Universal Pure-Lnk,1601 Pioneers Blvd,Lincoln,NE,68502,Walmart Grocery Whse 7016,10695 James Madison Hwy,Gordonsville,VA,22942,TBD,J.B. Hunt,n/a,n/a
Happy Path 4,WO-100300,Walmart,Cargill,J.B. Hunt,0477466825,STIR FRY,30,LB,395928,,,435723,Intact,5/11/2020,5/15/2020,Universal Pure-Lnk,1601 Pioneers Blvd,Lincoln,NE,68502,Walmart Grocery Whse 7016,10695 James Madison Hwy,Gordonsville,VA,22942,TBD,J.B. Hunt,n/a,n/a
Happy Path 4,WO-100300,Walmart,Cargill,J.B. Hunt,0477466825,CUBE STEAK,27,LB,395928,,,435723,Intact,5/11/2020,5/15/2020,Universal Pure-Lnk,1601 Pioneers Blvd,Lincoln,NE,68502,Walmart Grocery Whse 7016,10695 James Madison Hwy,Gordonsville,VA,22942,TBD,J.B. Hunt,n/a,n/a
Happy Path 4,WO-100300,Walmart,Cargill,J.B. Hunt,0477466825,CHUCK TENDER ROAST,60,LB,395928,,,435723,Intact,5/11/2020,5/15/2020,Universal Pure-Lnk,1601 Pioneers Blvd,Lincoln,NE,68502,Walmart Grocery Whse 7016,10695 James Madison Hwy,Gordonsville,VA,22942,TBD,J.B. Hunt,n/a,n/a
Happy Path 4,WO-100300,Walmart,Cargill,J.B. Hunt,0477466825,STEW MEAT SUPER TRIM,53,LB,395928,,,435723,Intact,5/11/2020,5/15/2020,Universal Pure-Lnk,1601 Pioneers Blvd,Lincoln,NE,68502,Walmart Grocery Whse 7016,10695 James Madison Hwy,Gordonsville,VA,22942,TBD,J.B. Hunt,n/a,n/a
Happy Path 4,WO-100300,Walmart,Cargill,J.B. Hunt,0477466825,STEW MEAT LG,94,LB,395928,,,435723,Intact,5/11/2020,5/15/2020,Universal Pure-Lnk,1601 Pioneers Blvd,Lincoln,NE,68502,Walmart Grocery Whse 7016,10695 James Madison Hwy,Gordonsville,VA,22942,TBD,J.B. Hunt,n/a,n/a
Happy Path 4,WO-100300,Walmart,Cargill,J.B. Hunt,0477466825,WM CH ANG T-BONE XL TRAY,30,LB,395928,,,435723,Intact,5/11/2020,5/15/2020,Universal Pure-Lnk,1601 Pioneers Blvd,Lincoln,NE,68502,Walmart Grocery Whse 7016,10695 James Madison Hwy,Gordonsville,VA,22942,TBD,J.B. Hunt,n/a,n/a
Happy Path 4,WO-100300,Walmart,Cargill,J.B. Hunt,0477466825,WM ANG CH RIBEYE STEAK,105,LB,395928,,,435723,Intact,5/11/2020,5/15/2020,Universal Pure-Lnk,1601 Pioneers Blvd,Lincoln,NE,68502,Walmart Grocery Whse 7016,10695 James Madison Hwy,Gordonsville,VA,22942,TBD,J.B. Hunt,n/a,n/a
Happy Path 4,WO-100300,Walmart,Cargill,J.B. Hunt,0477466825,NY STRIP STEAK LG,59,LB,395928,,,435723,Intact,5/11/2020,5/15/2020,Universal Pure-Lnk,1601 Pioneers Blvd,Lincoln,NE,68502,Walmart Grocery Whse 7016,10695 James Madison Hwy,Gordonsville,VA,22942,TBD,J.B. Hunt,n/a,n/a
Happy Path 4,WO-100300,Walmart,Cargill,J.B. Hunt,0477466825,WM ANG CHOICE CHUCK ROAST,70,LB,395928,,,435723,Intact,5/11/2020,5/15/2020,Universal Pure-Lnk,1601 Pioneers Blvd,Lincoln,NE,68502,Walmart Grocery Whse 7016,10695 James Madison Hwy,Gordonsville,VA,22942,TBD,J.B. Hunt,n/a,n/a
Happy Path 4,WO-100300,Walmart,Cargill,J.B. Hunt,0477466825,CHUCK ROAST,99,LB,395928,,,435723,Intact,5/11/2020,5/15/2020,Universal Pure-Lnk,1601 Pioneers Blvd,Lincoln,NE,68502,Walmart Grocery Whse 7016,10695 James Madison Hwy,Gordonsville,VA,22942,TBD,J.B. Hunt,n/a,n/a
Happy Path 4,WO-100300,Walmart,Cargill,J.B. Hunt,0477466825,CH PET FILET MIG,4,LB,395928,,,435723,Intact,5/11/2020,5/15/2020,Universal Pure-Lnk,1601 Pioneers Blvd,Lincoln,NE,68502,Walmart Grocery Whse 7016,10695 James Madison Hwy,Gordonsville,VA,22942,TBD,J.B. Hunt,n/a,n/a
Happy Path 4,WO-100300,Walmart,Cargill,J.B. Hunt,0477466825,WM ANG CHOICE TENDERLOIN,4,LB,395928,,,435723,Intact,5/11/2020,5/15/2020,Universal Pure-Lnk,1601 Pioneers Blvd,Lincoln,NE,68502,Walmart Grocery Whse 7016,10695 James Madison Hwy,Gordonsville,VA,22942,TBD,J.B. Hunt,n/a,n/a
Happy Path 4,WO-100300,Walmart,Cargill,J.B. Hunt,0477466825,CHOICE BNLS RIBEYE STEAK,22,LB,395928,,,435723,Intact,5/11/2020,5/15/2020,Universal Pure-Lnk,1601 Pioneers Blvd,Lincoln,NE,68502,Walmart Grocery Whse 7016,10695 James Madison Hwy,Gordonsville,VA,22942,TBD,J.B. Hunt,n/a,n/a
Happy Path 5,WO-188802,Walmart,Cargill,J.B. Hunt,0482233182,GB NF 73 WM3 36,420,LB,938593,,,888832,Intact,6/1/2020,6/5/2020,Universal Pure-Lnk,1601 Pioneers Blvd,Lincoln,NE,68502,Walmart Grocery CHUB 6059,3801 E Us 50,Olney,IL,62450,TBD,J.B. Hunt,n/a,n/a
Happy Path 5,WO-188802,Walmart,Cargill,J.B. Hunt,0482233182,GB NF 73 WM5 40,118,LB,938593,,,888832,Intact,6/1/2020,6/5/2020,Universal Pure-Lnk,1601 Pioneers Blvd,Lincoln,NE,68502,Walmart Grocery CHUB 6059,3801 E Us 50,Olney,IL,62450,TBD,J.B. Hunt,n/a,n/a
Happy Path 5,WO-188802,Walmart,Cargill,J.B. Hunt,0482233182,GB NF 80Chk WM01 24,112,LB,938593,,,888832,Intact,6/1/2020,6/5/2020,Universal Pure-Lnk,1601 Pioneers Blvd,Lincoln,NE,68502,Walmart Grocery CHUB 6059,3801 E Us 50,Olney,IL,62450,TBD,J.B. Hunt,n/a,n/a
Happy Path 5,WO-188802,Walmart,Cargill,J.B. Hunt,0482233182,GB NF 73 WM01 24,336,LB,938593,,,888832,Intact,6/1/2020,6/5/2020,Universal Pure-Lnk,1601 Pioneers Blvd,Lincoln,NE,68502,Walmart Grocery CHUB 6059,3801 E Us 50,Olney,IL,62450,TBD,J.B. Hunt,n/a,n/a
Happy Path 5,WO-188802,Walmart,Cargill,J.B. Hunt,0482233182,GB NF 85 WM01 24,24,LB,938593,,,888832,Intact,6/1/2020,6/5/2020,Universal Pure-Lnk,1601 Pioneers Blvd,Lincoln,NE,68502,Walmart Grocery CHUB 6059,3801 E Us 50,Olney,IL,62450,TBD,J.B. Hunt,n/a,n/a
Happy Path 6,WO-459248,Walmart,Cargill,J.B. Hunt,0488577814,RMB TRIPE Scald 5# WM PP1,80,LB,123134,,,492454,Intact,7/2/2020,7/6/2020,Universal Pure-Lnk,1601 Pioneers Blvd,Lincoln,NE,68502,Walmart Grocery Whse 6858,2837 Senator Ralph Scott,Mebane,NC,27302,TBD,J.B. Hunt,n/a,n/a
Happy Path 6,WO-459248,Walmart,Cargill,J.B. Hunt,0488577814,RMB TRIPE Scld 2.75#WMPP1,96,LB,123134,,,492454,Intact,7/2/2020,7/6/2020,Universal Pure-Lnk,1601 Pioneers Blvd,Lincoln,NE,68502,Walmart Grocery Whse 6858,2837 Senator Ralph Scott,Mebane,NC,27302,TBD,J.B. Hunt,n/a,n/a
Happy Path 6,WO-459248,Walmart,Cargill,J.B. Hunt,0488577814,RMB TONGUE S/T WM PP1,160,LB,123134,,,492454,Intact,7/2/2020,7/6/2020,Universal Pure-Lnk,1601 Pioneers Blvd,Lincoln,NE,68502,Walmart Grocery Whse 6858,2837 Senator Ralph Scott,Mebane,NC,27302,TBD,J.B. Hunt,n/a,n/a
Happy Path 6,WO-459248,Walmart,Cargill,J.B. Hunt,0488577814,RMB TRIPAS MV WM,240,LB,123134,,,492454,Intact,7/2/2020,7/6/2020,Universal Pure-Lnk,1601 Pioneers Blvd,Lincoln,NE,68502,Walmart Grocery Whse 6858,2837 Senator Ralph Scott,Mebane,NC,27302,TBD,J.B. Hunt,n/a,n/a
Happy Path 6,WO-459248,Walmart,Cargill,J.B. Hunt,0488577814,RMB HC TRIPE 2.5# WM PP1,160,LB,123134,,,492454,Intact,7/2/2020,7/6/2020,Universal Pure-Lnk,1601 Pioneers Blvd,Lincoln,NE,68502,Walmart Grocery Whse 6858,2837 Senator Ralph Scott,Mebane,NC,27302,TBD,J.B. Hunt,n/a,n/a
Happy Path 6,WO-459248,Walmart,Cargill,J.B. Hunt,0488577814,RMB LIVER Slicd MV W-M PP,128,LB,123134,,,492454,Intact,7/2/2020,7/6/2020,Universal Pure-Lnk,1601 Pioneers Blvd,Lincoln,NE,68502,Walmart Grocery Whse 6858,2837 Senator Ralph Scott,Mebane,NC,27302,TBD,J.B. Hunt,n/a,n/a
Happy Path 6,WO-459248,Walmart,Cargill,J.B. Hunt,0488577814,RMB CHEEKMEAT 2# Fs MV WM,112,LB,123134,,,492454,Intact,7/2/2020,7/6/2020,Universal Pure-Lnk,1601 Pioneers Blvd,Lincoln,NE,68502,Walmart Grocery Whse 6858,2837 Senator Ralph Scott,Mebane,NC,27302,TBD,J.B. Hunt,n/a,n/a
Happy Path 6,WO-459248,Walmart,Cargill,J.B. Hunt,0488577814,RMB OXTAIL DeJoint WM PP1,240,LB,123134,,,492454,Intact,7/2/2020,7/6/2020,Universal Pure-Lnk,1601 Pioneers Blvd,Lincoln,NE,68502,Walmart Grocery Whse 6858,2837 Senator Ralph Scott,Mebane,NC,27302,TBD,J.B. Hunt,n/a,n/a
Happy Path 6,WO-459248,Walmart,Cargill,J.B. Hunt,0488577814,RMB MARROW BONE MV W-M PP,10,LB,123134,,,492454,Intact,7/2/2020,7/6/2020,Universal Pure-Lnk,1601 Pioneers Blvd,Lincoln,NE,68502,Walmart Grocery Whse 6858,2837 Senator Ralph Scott,Mebane,NC,27302,TBD,J.B. Hunt,n/a,n/a
Happy Path 6,WO-459248,Walmart,Cargill,J.B. Hunt,0488577814,RMB NECKBONE XCut MV WMPP,5,LB,123134,,,492454,Intact,7/2/2020,7/6/2020,Universal Pure-Lnk,1601 Pioneers Blvd,Lincoln,NE,68502,Walmart Grocery Whse 6858,2837 Senator Ralph Scott,Mebane,NC,27302,TBD,J.B. Hunt,n/a,n/a
Happy Path 6,WO-459248,Walmart,Cargill,J.B. Hunt,0488577814,SE BBCu Rb S/R RACK WM PP,105,LB,123134,,,492454,Intact,7/2/2020,7/6/2020,Universal Pure-Lnk,1601 Pioneers Blvd,Lincoln,NE,68502,Walmart Grocery Whse 6858,2837 Senator Ralph Scott,Mebane,NC,27302,TBD,J.B. Hunt,n/a,n/a
Happy Path 6,WO-459248,Walmart,Cargill,J.B. Hunt,0488577814,RMB TRIPE Scald3#DcdWM-PP,5,LB,123134,,,492454,Intact,7/2/2020,7/6/2020,Universal Pure-Lnk,1601 Pioneers Blvd,Lincoln,NE,68502,Walmart Grocery Whse 6858,2837 Senator Ralph Scott,Mebane,NC,27302,TBD,J.B. Hunt,n/a,n/a
Happy Path 7,WO-111122,Walmart,Cargill,J.B. Hunt,0489025156,RMB TRIPE Scald 5# WM PP1,20,LB,953958,,,823423,Intact,7/5/2020,7/7/2020,Universal Pure-Lnk,1601 Pioneers Blvd,Lincoln,NE,68502,Walmart Grocery Whse 8851,4505 Highway 524,Cocoa,FL,32922,TBD,J.B. Hunt,n/a,n/a
Happy Path 7,WO-111122,Walmart,Cargill,J.B. Hunt,0489025156,RMB TRIPE Scld 2.75#WMPP1,24,LB,953958,,,823423,Intact,7/5/2020,7/7/2020,Universal Pure-Lnk,1601 Pioneers Blvd,Lincoln,NE,68502,Walmart Grocery Whse 8851,4505 Highway 524,Cocoa,FL,32922,TBD,J.B. Hunt,n/a,n/a
Happy Path 7,WO-111122,Walmart,Cargill,J.B. Hunt,0489025156,RMB TONGUE S/T WM PP1,21,LB,953958,,,823423,Intact,7/5/2020,7/7/2020,Universal Pure-Lnk,1601 Pioneers Blvd,Lincoln,NE,68502,Walmart Grocery Whse 8851,4505 Highway 524,Cocoa,FL,32922,TBD,J.B. Hunt,n/a,n/a
Happy Path 7,WO-111122,Walmart,Cargill,J.B. Hunt,0489025156,RMB TRIPAS MV WM,45,LB,953958,,,823423,Intact,7/5/2020,7/7/2020,Universal Pure-Lnk,1601 Pioneers Blvd,Lincoln,NE,68502,Walmart Grocery Whse 8851,4505 Highway 524,Cocoa,FL,32922,TBD,J.B. Hunt,n/a,n/a
Happy Path 7,WO-111122,Walmart,Cargill,J.B. Hunt,0489025156,RMB HC TRIPE 2.5# WM PP1,24,LB,953958,,,823423,Intact,7/5/2020,7/7/2020,Universal Pure-Lnk,1601 Pioneers Blvd,Lincoln,NE,68502,Walmart Grocery Whse 8851,4505 Highway 524,Cocoa,FL,32922,TBD,J.B. Hunt,n/a,n/a
Happy Path 7,WO-111122,Walmart,Cargill,J.B. Hunt,0489025156,RMB LIVER Slicd MV W-M PP,56,LB,953958,,,823423,Intact,7/5/2020,7/7/2020,Universal Pure-Lnk,1601 Pioneers Blvd,Lincoln,NE,68502,Walmart Grocery Whse 8851,4505 Highway 524,Cocoa,FL,32922,TBD,J.B. Hunt,n/a,n/a
Happy Path 7,WO-111122,Walmart,Cargill,J.B. Hunt,0489025156,RMB CHEEKMEAT 2# Fs MV WM,16,LB,953958,,,823423,Intact,7/5/2020,7/7/2020,Universal Pure-Lnk,1601 Pioneers Blvd,Lincoln,NE,68502,Walmart Grocery Whse 8851,4505 Highway 524,Cocoa,FL,32922,TBD,J.B. Hunt,n/a,n/a
Happy Path 7,WO-111122,Walmart,Cargill,J.B. Hunt,0489025156,RMB OXTAIL DeJoint WM PP1,20,LB,953958,,,823423,Intact,7/5/2020,7/7/2020,Universal Pure-Lnk,1601 Pioneers Blvd,Lincoln,NE,68502,Walmart Grocery Whse 8851,4505 Highway 524,Cocoa,FL,32922,TBD,J.B. Hunt,n/a,n/a
Happy Path 7,WO-111122,Walmart,Cargill,J.B. Hunt,0489025156,RMB MARROW BONE MV W-M PP,25,LB,953958,,,823423,Intact,7/5/2020,7/7/2020,Universal Pure-Lnk,1601 Pioneers Blvd,Lincoln,NE,68502,Walmart Grocery Whse 8851,4505 Highway 524,Cocoa,FL,32922,TBD,J.B. Hunt,n/a,n/a
Happy Path 7,WO-111122,Walmart,Cargill,J.B. Hunt,0489025156,SE BBCu Rb S/R RACK WM PP,30,LB,953958,,,823423,Intact,7/5/2020,7/7/2020,Universal Pure-Lnk,1601 Pioneers Blvd,Lincoln,NE,68502,Walmart Grocery Whse 8851,4505 Highway 524,Cocoa,FL,32922,TBD,J.B. Hunt,n/a,n/a
Happy Path 7,WO-111122,Walmart,Cargill,J.B. Hunt,0489025156,SE BBCue Chx RIBLET WM PP,40,LB,953958,,,823423,Intact,7/5/2020,7/7/2020,Universal Pure-Lnk,1601 Pioneers Blvd,Lincoln,NE,68502,Walmart Grocery Whse 8851,4505 Highway 524,Cocoa,FL,32922,TBD,J.B. Hunt,n/a,n/a
Happy Path 7,WO-111122,Walmart,Cargill,J.B. Hunt,0489025156,SE BRISKET W-Mart PP 5/Bx,25,LB,953958,,,823423,Intact,7/5/2020,7/7/2020,Universal Pure-Lnk,1601 Pioneers Blvd,Lincoln,NE,68502,Walmart Grocery Whse 8851,4505 Highway 524,Cocoa,FL,32922,TBD,J.B. Hunt,n/a,n/a
Happy Path 7,WO-111122,Walmart,Cargill,J.B. Hunt,0489025156,SE INSIDE SKIRT VP WM-PP,5,LB,953958,,,823423,Intact,7/5/2020,7/7/2020,Universal Pure-Lnk,1601 Pioneers Blvd,Lincoln,NE,68502,Walmart Grocery Whse 8851,4505 Highway 524,Cocoa,FL,32922,TBD,J.B. Hunt,n/a,n/a
Happy Path 8,WO-837592,Walmart,Cargill,J.B. Hunt,0474279145,Sam SirPty 85/15 5.3z Rd,900,LB,925934,,,223232,Intact,5/15/2020,5/17/2020,Universal Pure-Lnk,1601 Pioneers Blvd,Lincoln,NE,68502,WALMART GROCERY WHSE 6055,655 Unisia Dr,Monroe,GA,  30655,TBD,J.B. Hunt,n/a,n/a
Happy Path 8,WO-837592,Walmart,Cargill,J.B. Hunt,0474279145,Sam Sea Pty 75/25 4z Ovt,540,LB,925934,,,223232,Intact,5/15/2020,5/17/2020,Universal Pure-Lnk,1601 Pioneers Blvd,Lincoln,NE,68502,WALMART GROCERY WHSE 6055,655 Unisia Dr,Monroe,GA,  30655,TBD,J.B. Hunt,n/a,n/a
Happy Path 9,WO-883838,Walmart,Cargill,J.B. Hunt,0480081516,WM GB CHUB 85/15 1 LB FZ,252,LB,232435,,,824653,Intact,5/28/2020,6/2/2020,Universal Pure-Lnk,1601 Pioneers Blvd,Lincoln,NE,68502,WALMART DC 6057,45346 Parkway Blvd,Robert,LA,70455,TBD,J.B. Hunt,n/a,n/a
Happy Path 9,WO-883838,Walmart,Cargill,J.B. Hunt,0480081516,WM GB CHUB 73/27 1LB FZ,336,LB,232435,,,824653,Intact,5/28/2020,6/2/2020,Universal Pure-Lnk,1601 Pioneers Blvd,Lincoln,NE,68502,WALMART DC 6057,45346 Parkway Blvd,Robert,LA,70455,TBD,J.B. Hunt,n/a,n/a
Happy Path 10,WO-103474,Walmart,Cargill,J.B. Hunt,0487757580,Sam AnSeaPty80/20 5.3zRd,850,LB,593594,,,177771,Intact,6/29/2020,7/2/2020,Universal Pure-Lnk,1601 Pioneers Blvd,Lincoln,NE,68502,WALMART GROCERY WHSE 6096,300 Enterprise Rd,Johnstown,NY,12095,TBD,J.B. Hunt,n/a,n/a
Happy Path 10,WO-103474,Walmart,Cargill,J.B. Hunt,0487757580,Sam SirPty 85/15 5.3z Rd,200,LB,593594,,,177771,Intact,6/29/2020,7/2/2020,Universal Pure-Lnk,1601 Pioneers Blvd,Lincoln,NE,68502,WALMART GROCERY WHSE 6096,300 Enterprise Rd,Johnstown,NY,12095,TBD,J.B. Hunt,n/a,n/a
Happy Path 11,CKS808227800,Tyson,Cargill,J.B. Hunt,4520236488,"EGGS,PRE,CKD,SCRAMBLED",740,LB,119967,,,00010338,Intact,5/11/2020,5/13/2020,Cargill Kitchen Solutions,206 W. 4th St,Monticello,MN,55362,BOSCO'S PIZZA CO,25000 GUENTHER,Warren,MI,48091,Collect,J.B. Hunt,n/a,n/a
Happy Path 12,CKS0808249944,Tyson,Cargill,J.B. Hunt,4520239736,"EGGS,PRE,CKD,SCRAMBLED",585,LB,482748,,,00010506,Intact,5/24/2020,5/26/2020,Cargill Kitchen Solutions,206 W. 4th St,Monticello,MN,55362,BOSCO'S PIZZA CO,25000 GUENTHER,Warren,MI,48091,FOB,J.B. Hunt,n/a,n/a
