Order Placed 1,03210780,Sysco,Cargill,SYS Fh Se Cmd Bf Btm Rnd Flat,108,LB, $6.7 ,5/19/2020,7/29/2020,Universal Pure-Lnk,1601 Pioneers Blvd,Lincoln,NE,68502,SYSCO RDC FL BAUGH,12421 NW 173rd St,Alachua,FL,32615
Order Placed 1,03210780,Sysco,Cargill,SYS Fh Ch Ckd Cmd Bf DF 1232,56,LB, $3.3 ,5/19/2020,7/29/2020,Universal Pure-Lnk,1601 Pioneers Blvd,Lincoln,NE,68502,SYSCO RDC FL BAUGH,12422 NW 173rd St,Alachua,FL,32616
Order Placed 1,03210780,Sysco,Cargill,SYS Fh Bf Clsc Pstrmi Btm Rnd,13,LB, $5.2 ,5/19/2020,7/29/2020,Universal Pure-Lnk,1601 Pioneers Blvd,Lincoln,NE,68502,SYSCO RDC FL BAUGH,12423 NW 173rd St,Alachua,FL,32617
Order Placed 1,03210780,Sysco,Cargill,SYS Fh Slcd Rst Bf 344,250,LB, $6.1 ,5/19/2020,7/29/2020,Universal Pure-Lnk,1601 Pioneers Blvd,Lincoln,NE,68502,SYSCO RDC FL BAUGH,12424 NW 173rd St,Alachua,FL,32618
Order Placed 1,03210780,Sysco,Cargill,SYS Fh Rst Bf No Roll,75,LB, $4.4 ,5/19/2020,7/29/2020,Universal Pure-Lnk,1601 Pioneers Blvd,Lincoln,NE,68502,SYSCO RDC FL BAUGH,12425 NW 173rd St,Alachua,FL,32619
Order Placed 1,03210780,Sysco,Cargill,SYS Fh Tp Cp/Off Rst Bf Wh 10%,35,LB, $2.9 ,5/19/2020,7/29/2020,Universal Pure-Lnk,1601 Pioneers Blvd,Lincoln,NE,68502,SYSCO RDC FL BAUGH,12426 NW 173rd St,Alachua,FL,32620
Order Placed 1,03210780,Sysco,Cargill,SYS Fh Slcd Smkd Ham WA 2400,53,LB, $3.5 ,5/19/2020,7/29/2020,Universal Pure-Lnk,1601 Pioneers Blvd,Lincoln,NE,68502,SYSCO RDC FL BAUGH,12427 NW 173rd St,Alachua,FL,32621
Order Placed 1,03210780,Sysco,Cargill,SYS Fh Slcd OR Tky Brst,36,LB, $2.8 ,5/19/2020,7/29/2020,Universal Pure-Lnk,1601 Pioneers Blvd,Lincoln,NE,68502,SYSCO RDC FL BAUGH,12428 NW 173rd St,Alachua,FL,32622
Order Placed 1,03210780,Sysco,Cargill,SYS Fh Slcd Smkd Tky Brst 2800,276,LB, $3.9 ,5/19/2020,7/29/2020,Universal Pure-Lnk,1601 Pioneers Blvd,Lincoln,NE,68502,SYSCO RDC FL BAUGH,12429 NW 173rd St,Alachua,FL,32623
Order Placed 2,0474815337,Walmart,Cargill,HSW Fz Pp 9.5 Nt Tm 10-16,768,LB, $3.5 ,5/14/2020,5/31/2020,AM-C Warehouses,1212 Antler Drive,Mansfield,TX,76063,WALMART 6064 CLEBURNE AMC FZWB,1212 Antler Dr,Mansfield,TX,76063
In-Transit 1,00991470,Sysco,Cargill,HP Ch Cld Pt Rst 0%,149,LB, $7.8 ,6/24/2020,9/2/2020,Universal Pure-Lnk,1601 Pioneers Blvd,Lincoln,NE,68502,SYSCO ALASKA PS&L,1039 Valley Ave NW,Puyallup,WA,98370
In-Transit 1,00991470,Sysco,Cargill,HP Low Sod Sld Rst Beef,120,LB, $3.4 ,6/24/2020,9/2/2020,Universal Pure-Lnk,1601 Pioneers Blvd,Lincoln,NE,68502,SYSCO ALASKA PS&L,1039 Valley Ave NW,Puyallup,WA,98370
In-Transit 1,00991470,Sysco,Cargill,HP Fz RTC Chef Ready 2 Pk,72,LB, $2.2 ,6/24/2020,9/2/2020,Universal Pure-Lnk,1601 Pioneers Blvd,Lincoln,NE,68502,SYSCO ALASKA PS&L,1039 Valley Ave NW,Puyallup,WA,98370
In-Transit 2,0480698899,Walmart,Cargill,SBF Fh 85% Grd Turkey 8/1.3#,560,LB, $34.5 ,5/30/2020,6/14/2020,Universal Pure-Lnk,1601 Pioneers Blvd,Lincoln,NE,68502,WAL MART POTTSVILLE 7030,390 Highridge Park Rd,Pottsville,PA,17901
In-Transit 2,0480698899,Walmart,Cargill,SBF Fh Swt Itl Sg Ex Wt 8/1.25,208,LB, $19.5 ,5/30/2020,6/14/2020,Universal Pure-Lnk,1601 Pioneers Blvd,Lincoln,NE,68502,WAL MART POTTSVILLE 7030,390 Highridge Park Rd,Pottsville,PA,17901
In-Transit 2,0480698899,Walmart,Cargill,SBF Fh Grnd Tky Fam Pak 8/3#,336,LB, $36.7 ,5/30/2020,6/14/2020,Universal Pure-Lnk,1601 Pioneers Blvd,Lincoln,NE,68502,WAL MART POTTSVILLE 7030,390 Highridge Park Rd,Pottsville,PA,17901
In-Transit 2,0480698899,Walmart,Cargill,SBF Fh 85% Grd Tky Chub 12/1,330,LB, $15.4 ,5/30/2020,6/14/2020,Universal Pure-Lnk,1601 Pioneers Blvd,Lincoln,NE,68502,WAL MART POTTSVILLE 7030,390 Highridge Park Rd,Pottsville,PA,17901
In-Transit 2,0480698899,Walmart,Cargill,SBF Fh 93% Grd Turkey 8/3#,336,LB, $55.9 ,5/30/2020,6/14/2020,Universal Pure-Lnk,1601 Pioneers Blvd,Lincoln,NE,68502,WAL MART POTTSVILLE 7030,390 Highridge Park Rd,Pottsville,PA,17901
Arrival 1,00983120,Sysco,Cargill,TNT AnSeaPty 75/25 8z Hst,84,LB, $22.8 ,6/4/2020,8/15/2020,Universal Pure-Lnk,1601 Pioneers Blvd,Lincoln,NE,68502,SYSCO ALASKA PS&L,1039 Valley Ave NW,Puyallup,WA,98371
Arrival 1,00983120,Sysco,Cargill,TNT Sea Pty 75/25 F03003,40,LB, $4.5 ,6/4/2020,8/15/2020,Universal Pure-Lnk,1601 Pioneers Blvd,Lincoln,NE,68502,SYSCO ALASKA PS&L,1039 Valley Ave NW,Puyallup,WA,98371
Arrival 2,0480948407,Walmart,Cargill,PD Fh HS Tky Brst 4pk,60,LB, $5.6 ,6/7/2020,6/22/2020,Universal Pure-Lnk,1601 Pioneers Blvd,Lincoln,NE,68502,SYSCO ALASKA PS&L,1039 Valley Ave NW,North Platte,NE,69101
Arrival 2,0480948407,Walmart,Cargill,PD Fh Reduced Sodium Turkey,36,LB, $4.3 ,6/7/2020,6/22/2020,Universal Pure-Lnk,1601 Pioneers Blvd,Lincoln,NE,68502,WALMART 7018 NO PLATTE DELI,3001 E State Farm Rd,North Platte,NE,69101
Arrival 2,0480948407,Walmart,Cargill,PD Fh OR Maple Hny Tky Brst,30,LB, $3.8 ,6/7/2020,6/22/2020,Universal Pure-Lnk,1601 Pioneers Blvd,Lincoln,NE,68502,WALMART 7018 NO PLATTE DELI,3001 E State Farm Rd,North Platte,NE,69101
Arrival 2,0480948407,Walmart,Cargill,PD Fh O/R Pepper Tky Brst,50,LB, $2.5 ,6/7/2020,6/22/2020,Universal Pure-Lnk,1601 Pioneers Blvd,Lincoln,NE,68502,WALMART 7018 NO PLATTE DELI,3001 E State Farm Rd,North Platte,NE,69101
Arrival 2,0480948407,Walmart,Cargill,PD Fh Caj Style Tky Brst,40,LB, $4.9 ,6/7/2020,6/22/2020,Universal Pure-Lnk,1601 Pioneers Blvd,Lincoln,NE,68502,WALMART 7018 NO PLATTE DELI,3001 E State Farm Rd,North Platte,NE,69101
Payment 1,348745,Sysco,Cargill,TNT Sea Pty 75/25 F03097,250,LB, $5.7 ,7/9/2020,9/19/2020,Universal Pure-Lnk,1601 Pioneers Blvd,Lincoln,NE,68502,SYSCO-CAL HONO,634 S Mission Rd,Los Angeles,CA,90023
Payment 2,0486174506,Walmart,Cargill,GB 85 Ang 4#/16 PY OW WM,200,LB, $75.6 ,6/17/2020,7/3/2020,Universal Pure-Lnk,1601 Pioneers Blvd,Lincoln,NE,68502,Walmart Grocery CHUB 7012,1400 Old Chillicothe Rd S,Washington Cour,OH,43160
Payment 2,0486174506,Walmart,Cargill,GBF 93 4.5#/18 OW WM,700,LB, $89.9 ,6/17/2020,7/3/2020,Universal Pure-Lnk,1601 Pioneers Blvd,Lincoln,NE,68502,Walmart Grocery CHUB 7012,1400 Old Chillicothe Rd S,Washington Cour,OH,43160
Happy Path 1,0483831934,Walmart,Cargill,HSW Fh 85% Grd Tky Chub 12/1,120,LB, $24.0 ,6/11/2020,6/25/2020,Universal Pure-Lnk,1601 Pioneers Blvd,Lincoln,NE,68502,WALMART 7055 GAS CITY,100 Fisher Pkwy,Gas City,IN,46933
Happy Path 1,0483831934,Walmart,Cargill,HSW Fh 85 Gr Tky Dry Ex Wt 6/3,256,LB, $40.0 ,6/11/2020,6/25/2020,Universal Pure-Lnk,1601 Pioneers Blvd,Lincoln,NE,68502,WALMART 7055 GAS CITY,100 Fisher Pkwy,Gas City,IN,46933
Happy Path 1,0483831934,Walmart,Cargill,HSW Fh Wings 6/3 Tray,24,LB, $1.2 ,6/11/2020,6/25/2020,Universal Pure-Lnk,1601 Pioneers Blvd,Lincoln,NE,68502,WALMART 7055 GAS CITY,100 Fisher Pkwy,Gas City,IN,46933
Happy Path 1,0483831934,Walmart,Cargill,HSW Fh Tky Drumsticks 6/2 Tray,56,LB, $1.8 ,6/11/2020,6/25/2020,Universal Pure-Lnk,1601 Pioneers Blvd,Lincoln,NE,68502,WALMART 7055 GAS CITY,100 Fisher Pkwy,Gas City,IN,46933
Happy Path 1,0483831934,Walmart,Cargill,HSW Fh 93 GrTky Dry ExWt 6/1.2,130,LB, $14.4 ,6/11/2020,6/25/2020,Universal Pure-Lnk,1601 Pioneers Blvd,Lincoln,NE,68502,WALMART 7055 GAS CITY,100 Fisher Pkwy,Gas City,IN,46933
Happy Path 1,0483831934,Walmart,Cargill,HSW Fh 85/15 GrTky ExWt 6/1.25,320,LB, $18.3 ,6/11/2020,6/25/2020,Universal Pure-Lnk,1601 Pioneers Blvd,Lincoln,NE,68502,WALMART 7055 GAS CITY,100 Fisher Pkwy,Gas City,IN,46933
Happy Path 1,0483831934,Walmart,Cargill,HSW Fh Gr WhtDry Ex Wt 6/1.25#,160,LB, $22.1 ,6/11/2020,6/25/2020,Universal Pure-Lnk,1601 Pioneers Blvd,Lincoln,NE,68502,WALMART 7055 GAS CITY,100 Fisher Pkwy,Gas City,IN,46933
Happy Path 1,0483831934,Walmart,Cargill,HSW Fh 85% Grd Tky Chub 3 lb.,88,LB, $28.5 ,6/11/2020,6/25/2020,Universal Pure-Lnk,1601 Pioneers Blvd,Lincoln,NE,68502,WALMART 7055 GAS CITY,100 Fisher Pkwy,Gas City,IN,46933
Happy Path 1,0483831934,Walmart,Cargill,HSW Fh 93% Grd Tky Fam PK 6/3#,312,LB, $35.2 ,6/11/2020,6/25/2020,Universal Pure-Lnk,1601 Pioneers Blvd,Lincoln,NE,68502,WALMART 7055 GAS CITY,100 Fisher Pkwy,Gas City,IN,46933
Happy Path 1,0483831934,Walmart,Cargill,HSW Fh 90% Grd Tky Chub 12/1,42,LB, $26.3 ,6/11/2020,6/25/2020,Universal Pure-Lnk,1601 Pioneers Blvd,Lincoln,NE,68502,WALMART 7055 GAS CITY,100 Fisher Pkwy,Gas City,IN,46933
Happy Path 2,0486519901,Walmart,Cargill,HSW Fh 85% Grd Tky Chub 12/1,400,LB, $21.3 ,6/23/2020,7/9/2020,Universal Pure-Lnk,1601 Pioneers Blvd,Lincoln,NE,68502,WALMART 7015 BARTLSVL,TLSVL 397319 W 3000 Rd,Ochelata,OK,74051
Happy Path 2,0486519901,Walmart,Cargill,HSW Fh 85 Gr Tky Dry Ex Wt 6/3,20,LB, $30.3 ,6/23/2020,7/9/2020,Universal Pure-Lnk,1601 Pioneers Blvd,Lincoln,NE,68502,WALMART 7015 BARTLSVL,TLSVL 397319 W 3000 Rd,Ochelata,OK,74051
Happy Path 2,0486519901,Walmart,Cargill,HSW Fh Tky Drumsticks 6/2 Tray,4,LB, $2.5 ,6/23/2020,7/9/2020,Universal Pure-Lnk,1601 Pioneers Blvd,Lincoln,NE,68502,WALMART 7015 BARTLSVL,TLSVL 397319 W 3000 Rd,Ochelata,OK,74051
Happy Path 2,0486519901,Walmart,Cargill,HSW Fh Necks 6/2 Tray,1,LB, $1.1 ,6/23/2020,7/9/2020,Universal Pure-Lnk,1601 Pioneers Blvd,Lincoln,NE,68502,WALMART 7015 BARTLSVL,TLSVL 397319 W 3000 Rd,Ochelata,OK,74051
Happy Path 2,0486519901,Walmart,Cargill,HSW Fh 93 GrTky Dry ExWt 6/1.2,130,LB, $13.2 ,6/23/2020,7/9/2020,Universal Pure-Lnk,1601 Pioneers Blvd,Lincoln,NE,68502,WALMART 7015 BARTLSVL,TLSVL 397319 W 3000 Rd,Ochelata,OK,74051
Happy Path 2,0486519901,Walmart,Cargill,HSW Fh 85/15 GrTky ExWt 6/1.25,240,LB, $13.4 ,6/23/2020,7/9/2020,Universal Pure-Lnk,1601 Pioneers Blvd,Lincoln,NE,68502,WALMART 7015 BARTLSVL,TLSVL 397319 W 3000 Rd,Ochelata,OK,74051
Happy Path 2,0486519901,Walmart,Cargill,HSW Fh Gr WhtDry Ex Wt 6/1.25#,80,LB, $26.9 ,6/23/2020,7/9/2020,Universal Pure-Lnk,1601 Pioneers Blvd,Lincoln,NE,68502,WALMART 7015 BARTLSVL,TLSVL 397319 W 3000 Rd,Ochelata,OK,74051
Happy Path 2,0486519901,Walmart,Cargill,HSW Fh 85% Grd Tky Chub 3 lb.,96,LB, $28.6 ,6/23/2020,7/9/2020,Universal Pure-Lnk,1601 Pioneers Blvd,Lincoln,NE,68502,WALMART 7015 BARTLSVL,TLSVL 397319 W 3000 Rd,Ochelata,OK,74051
Happy Path 2,0486519901,Walmart,Cargill,HSW Fh 93% Grd Tky Fam PK 6/3#,196,LB, $45.8 ,6/23/2020,7/9/2020,Universal Pure-Lnk,1601 Pioneers Blvd,Lincoln,NE,68502,WALMART 7015 BARTLSVL,TLSVL 397319 W 3000 Rd,Ochelata,OK,74051
Happy Path 2,0486519901,Walmart,Cargill,HON Fh Gr Brst Ex Wt 6/1.0,90,LB, $23.7 ,6/23/2020,7/9/2020,Universal Pure-Lnk,1601 Pioneers Blvd,Lincoln,NE,68502,WALMART 7015 BARTLSVL,TLSVL 397319 W 3000 Rd,Ochelata,OK,74051
Happy Path 2,0486519901,Walmart,Cargill,HON Fh 93 GrTky ExWt 6/1,90,LB, $15.8 ,6/23/2020,7/9/2020,Universal Pure-Lnk,1601 Pioneers Blvd,Lincoln,NE,68502,WALMART 7015 BARTLSVL,TLSVL 397319 W 3000 Rd,Ochelata,OK,74051
Happy Path 2,0486519901,Walmart,Cargill,HSW Fh 90% Grd Tky Chub 12/1,28,LB, $25.6 ,6/23/2020,7/9/2020,Universal Pure-Lnk,1601 Pioneers Blvd,Lincoln,NE,68502,WALMART 7015 BARTLSVL,TLSVL 397319 W 3000 Rd,Ochelata,OK,74051
Happy Path 2,0486519901,Walmart,Cargill,HSW Fh 93% Grd Tky Chub 12/1,28,LB, $25.8 ,6/23/2020,7/9/2020,Universal Pure-Lnk,1601 Pioneers Blvd,Lincoln,NE,68502,WALMART 7015 BARTLSVL,TLSVL 397319 W 3000 Rd,Ochelata,OK,74051
Happy Path 2,0486519901,Walmart,Cargill,HSW DC Sklt Kit Ccnt Curry,52,LB, $22.8 ,6/23/2020,7/9/2020,Universal Pure-Lnk,1601 Pioneers Blvd,Lincoln,NE,68502,WALMART 7015 BARTLSVL,TLSVL 397319 W 3000 Rd,Ochelata,OK,74051
Happy Path 2,0486519901,Walmart,Cargill,HSW DC Sklt Kit TomGarBasl,26,LB, $22.1 ,6/23/2020,7/9/2020,Universal Pure-Lnk,1601 Pioneers Blvd,Lincoln,NE,68502,WALMART 7015 BARTLSVL,TLSVL 397319 W 3000 Rd,Ochelata,OK,74051
Happy Path 2,0486519901,Walmart,Cargill,HSW Fh Tky Tndrln Rotis Mrntd,3,LB, $32.0 ,6/23/2020,7/9/2020,Universal Pure-Lnk,1601 Pioneers Blvd,Lincoln,NE,68502,WALMART 7015 BARTLSVL,TLSVL 397319 W 3000 Rd,Ochelata,OK,74051
Happy Path 3,0476992434,Walmart,Cargill,GB 85 Ang 4#/16 PY OW WM,263,LB, $15.9 ,5/14/2020,5/31/2020,Universal Pure-Lnk,1601 Pioneers Blvd,Lincoln,NE,68502,Walmart Grocery Whse 7084,1001 Columbia Ave,Riverside,CA,92507
Happy Path 4,0477466825,Walmart,Cargill,WM ANG CH LONDON BROIL,59,LB, $10.5 ,5/15/2020,6/1/2020,Universal Pure-Lnk,1601 Pioneers Blvd,Lincoln,NE,68502,Walmart Grocery Whse 7016,10695 James Madison Hwy,Gordonsville,VA,22942
Happy Path 4,0477466825,Walmart,Cargill,WM ANG CH RUMP ROAST,32,LB, $9.7 ,5/15/2020,6/1/2020,Universal Pure-Lnk,1601 Pioneers Blvd,Lincoln,NE,68502,Walmart Grocery Whse 7016,10695 James Madison Hwy,Gordonsville,VA,22942
Happy Path 4,0477466825,Walmart,Cargill,WM ANG CH RIBEYE THIN,112,LB, $15.2 ,5/15/2020,6/1/2020,Universal Pure-Lnk,1601 Pioneers Blvd,Lincoln,NE,68502,Walmart Grocery Whse 7016,10695 James Madison Hwy,Gordonsville,VA,22942
Happy Path 4,0477466825,Walmart,Cargill,WM ANG CH T-BONE STEAK,38,LB, $12.4 ,5/15/2020,6/1/2020,Universal Pure-Lnk,1601 Pioneers Blvd,Lincoln,NE,68502,Walmart Grocery Whse 7016,10695 James Madison Hwy,Gordonsville,VA,22942
Happy Path 4,0477466825,Walmart,Cargill,WM ANG CH TOP SIRLOIN,51,LB, $9.6 ,5/15/2020,6/1/2020,Universal Pure-Lnk,1601 Pioneers Blvd,Lincoln,NE,68502,Walmart Grocery Whse 7016,10695 James Madison Hwy,Gordonsville,VA,22942
Happy Path 4,0477466825,Walmart,Cargill,MILANESA,200,LB, $9.7 ,5/15/2020,6/1/2020,Universal Pure-Lnk,1601 Pioneers Blvd,Lincoln,NE,68502,Walmart Grocery Whse 7016,10695 James Madison Hwy,Gordonsville,VA,22942
Happy Path 4,0477466825,Walmart,Cargill,CUBED STEAK LG,30,LB, $10.5 ,5/15/2020,6/1/2020,Universal Pure-Lnk,1601 Pioneers Blvd,Lincoln,NE,68502,Walmart Grocery Whse 7016,10695 James Madison Hwy,Gordonsville,VA,22942
Happy Path 4,0477466825,Walmart,Cargill,CARNE PICADA LARGE,32,LB, $6.7 ,5/15/2020,6/1/2020,Universal Pure-Lnk,1601 Pioneers Blvd,Lincoln,NE,68502,Walmart Grocery Whse 7016,10695 James Madison Hwy,Gordonsville,VA,22942
Happy Path 4,0477466825,Walmart,Cargill,EYE OF ROUND THIN,59,LB, $9.0 ,5/15/2020,6/1/2020,Universal Pure-Lnk,1601 Pioneers Blvd,Lincoln,NE,68502,Walmart Grocery Whse 7016,10695 James Madison Hwy,Gordonsville,VA,22942
Happy Path 4,0477466825,Walmart,Cargill,SIRLOIN TIP THIN,59,LB, $9.1 ,5/15/2020,6/1/2020,Universal Pure-Lnk,1601 Pioneers Blvd,Lincoln,NE,68502,Walmart Grocery Whse 7016,10695 James Madison Hwy,Gordonsville,VA,22942
Happy Path 4,0477466825,Walmart,Cargill,STIR FRY,30,LB, $6.4 ,5/15/2020,6/1/2020,Universal Pure-Lnk,1601 Pioneers Blvd,Lincoln,NE,68502,Walmart Grocery Whse 7016,10695 James Madison Hwy,Gordonsville,VA,22942
Happy Path 4,0477466825,Walmart,Cargill,CUBE STEAK,27,LB, $8.6 ,5/15/2020,6/1/2020,Universal Pure-Lnk,1601 Pioneers Blvd,Lincoln,NE,68502,Walmart Grocery Whse 7016,10695 James Madison Hwy,Gordonsville,VA,22942
Happy Path 4,0477466825,Walmart,Cargill,CHUCK TENDER ROAST,60,LB, $8.0 ,5/15/2020,6/1/2020,Universal Pure-Lnk,1601 Pioneers Blvd,Lincoln,NE,68502,Walmart Grocery Whse 7016,10695 James Madison Hwy,Gordonsville,VA,22942
Happy Path 4,0477466825,Walmart,Cargill,STEW MEAT SUPER TRIM,53,LB, $6.7 ,5/15/2020,6/1/2020,Universal Pure-Lnk,1601 Pioneers Blvd,Lincoln,NE,68502,Walmart Grocery Whse 7016,10695 James Madison Hwy,Gordonsville,VA,22942
Happy Path 4,0477466825,Walmart,Cargill,STEW MEAT LG,94,LB, $13.2 ,5/15/2020,6/1/2020,Universal Pure-Lnk,1601 Pioneers Blvd,Lincoln,NE,68502,Walmart Grocery Whse 7016,10695 James Madison Hwy,Gordonsville,VA,22942
Happy Path 4,0477466825,Walmart,Cargill,WM CH ANG T-BONE XL TRAY,30,LB, $10.5 ,5/15/2020,6/1/2020,Universal Pure-Lnk,1601 Pioneers Blvd,Lincoln,NE,68502,Walmart Grocery Whse 7016,10695 James Madison Hwy,Gordonsville,VA,22942
Happy Path 4,0477466825,Walmart,Cargill,WM ANG CH RIBEYE STEAK,105,LB, $14.8 ,5/15/2020,6/1/2020,Universal Pure-Lnk,1601 Pioneers Blvd,Lincoln,NE,68502,Walmart Grocery Whse 7016,10695 James Madison Hwy,Gordonsville,VA,22942
Happy Path 4,0477466825,Walmart,Cargill,NY STRIP STEAK LG,59,LB, $12.3 ,5/15/2020,6/1/2020,Universal Pure-Lnk,1601 Pioneers Blvd,Lincoln,NE,68502,Walmart Grocery Whse 7016,10695 James Madison Hwy,Gordonsville,VA,22942
Happy Path 4,0477466825,Walmart,Cargill,WM ANG CHOICE CHUCK ROAST,70,LB, $9.8 ,5/15/2020,6/1/2020,Universal Pure-Lnk,1601 Pioneers Blvd,Lincoln,NE,68502,Walmart Grocery Whse 7016,10695 James Madison Hwy,Gordonsville,VA,22942
Happy Path 4,0477466825,Walmart,Cargill,CHUCK ROAST,99,LB, $7.6 ,5/15/2020,6/1/2020,Universal Pure-Lnk,1601 Pioneers Blvd,Lincoln,NE,68502,Walmart Grocery Whse 7016,10695 James Madison Hwy,Gordonsville,VA,22942
Happy Path 4,0477466825,Walmart,Cargill,CH PET FILET MIG,4,LB, $9.8 ,5/15/2020,6/1/2020,Universal Pure-Lnk,1601 Pioneers Blvd,Lincoln,NE,68502,Walmart Grocery Whse 7016,10695 James Madison Hwy,Gordonsville,VA,22942
Happy Path 4,0477466825,Walmart,Cargill,WM ANG CHOICE TENDERLOIN,4,LB, $10.5 ,5/15/2020,6/1/2020,Universal Pure-Lnk,1601 Pioneers Blvd,Lincoln,NE,68502,Walmart Grocery Whse 7016,10695 James Madison Hwy,Gordonsville,VA,22942
Happy Path 4,0477466825,Walmart,Cargill,CHOICE BNLS RIBEYE STEAK,22,LB, $10.6 ,5/15/2020,6/1/2020,Universal Pure-Lnk,1601 Pioneers Blvd,Lincoln,NE,68502,Walmart Grocery Whse 7016,10695 James Madison Hwy,Gordonsville,VA,22942
Happy Path 5,0482233182,Walmart,Cargill,GB NF 73 WM3 36,420,LB, $110.4 ,6/5/2020,6/21/2020,Universal Pure-Lnk,1601 Pioneers Blvd,Lincoln,NE,68502,Walmart Grocery CHUB 6059,3801 E Us 50,Olney,IL,62450
Happy Path 5,0482233182,Walmart,Cargill,GB NF 73 WM5 40,118,LB, $98.6 ,6/5/2020,6/21/2020,Universal Pure-Lnk,1601 Pioneers Blvd,Lincoln,NE,68502,Walmart Grocery CHUB 6059,3801 E Us 50,Olney,IL,62450
Happy Path 5,0482233182,Walmart,Cargill,GB NF 80Chk WM01 24,112,LB, $65.4 ,6/5/2020,6/21/2020,Universal Pure-Lnk,1601 Pioneers Blvd,Lincoln,NE,68502,Walmart Grocery CHUB 6059,3801 E Us 50,Olney,IL,62450
Happy Path 5,0482233182,Walmart,Cargill,GB NF 73 WM01 24,336,LB, $78.9 ,6/5/2020,6/21/2020,Universal Pure-Lnk,1601 Pioneers Blvd,Lincoln,NE,68502,Walmart Grocery CHUB 6059,3801 E Us 50,Olney,IL,62450
Happy Path 5,0482233182,Walmart,Cargill,GB NF 85 WM01 24,24,LB, $88.4 ,6/5/2020,6/21/2020,Universal Pure-Lnk,1601 Pioneers Blvd,Lincoln,NE,68502,Walmart Grocery CHUB 6059,3801 E Us 50,Olney,IL,62450
Happy Path 6,0488577814,Walmart,Cargill,RMB TRIPE Scald 5# WM PP1,80,LB, $3.4 ,7/6/2020,7/21/2020,Universal Pure-Lnk,1601 Pioneers Blvd,Lincoln,NE,68502,Walmart Grocery Whse 6858,2837 Senator Ralph Scott,Mebane,NC,27302
Happy Path 6,0488577814,Walmart,Cargill,RMB TRIPE Scld 2.75#WMPP1,96,LB, $2.2 ,7/6/2020,7/21/2020,Universal Pure-Lnk,1601 Pioneers Blvd,Lincoln,NE,68502,Walmart Grocery Whse 6858,2837 Senator Ralph Scott,Mebane,NC,27302
Happy Path 6,0488577814,Walmart,Cargill,RMB TONGUE S/T WM PP1,160,LB, $6.7 ,7/6/2020,7/21/2020,Universal Pure-Lnk,1601 Pioneers Blvd,Lincoln,NE,68502,Walmart Grocery Whse 6858,2837 Senator Ralph Scott,Mebane,NC,27302
Happy Path 6,0488577814,Walmart,Cargill,RMB TRIPAS MV WM,240,LB, $2.2 ,7/6/2020,7/21/2020,Universal Pure-Lnk,1601 Pioneers Blvd,Lincoln,NE,68502,Walmart Grocery Whse 6858,2837 Senator Ralph Scott,Mebane,NC,27302
Happy Path 6,0488577814,Walmart,Cargill,RMB HC TRIPE 2.5# WM PP1,160,LB, $3.2 ,7/6/2020,7/21/2020,Universal Pure-Lnk,1601 Pioneers Blvd,Lincoln,NE,68502,Walmart Grocery Whse 6858,2837 Senator Ralph Scott,Mebane,NC,27302
Happy Path 6,0488577814,Walmart,Cargill,RMB LIVER Slicd MV W-M PP,128,LB, $1.2 ,7/6/2020,7/21/2020,Universal Pure-Lnk,1601 Pioneers Blvd,Lincoln,NE,68502,Walmart Grocery Whse 6858,2837 Senator Ralph Scott,Mebane,NC,27302
Happy Path 6,0488577814,Walmart,Cargill,RMB CHEEKMEAT 2# Fs MV WM,112,LB, $1.9 ,7/6/2020,7/21/2020,Universal Pure-Lnk,1601 Pioneers Blvd,Lincoln,NE,68502,Walmart Grocery Whse 6858,2837 Senator Ralph Scott,Mebane,NC,27302
Happy Path 6,0488577814,Walmart,Cargill,RMB OXTAIL DeJoint WM PP1,240,LB, $4.6 ,7/6/2020,7/21/2020,Universal Pure-Lnk,1601 Pioneers Blvd,Lincoln,NE,68502,Walmart Grocery Whse 6858,2837 Senator Ralph Scott,Mebane,NC,27302
Happy Path 6,0488577814,Walmart,Cargill,RMB MARROW BONE MV W-M PP,10,LB, $4.4 ,7/6/2020,7/21/2020,Universal Pure-Lnk,1601 Pioneers Blvd,Lincoln,NE,68502,Walmart Grocery Whse 6858,2837 Senator Ralph Scott,Mebane,NC,27302
Happy Path 6,0488577814,Walmart,Cargill,RMB NECKBONE XCut MV WMPP,5,LB, $3.1 ,7/6/2020,7/21/2020,Universal Pure-Lnk,1601 Pioneers Blvd,Lincoln,NE,68502,Walmart Grocery Whse 6858,2837 Senator Ralph Scott,Mebane,NC,27302
Happy Path 6,0488577814,Walmart,Cargill,SE BBCu Rb S/R RACK WM PP,105,LB, $1.4 ,7/6/2020,7/21/2020,Universal Pure-Lnk,1601 Pioneers Blvd,Lincoln,NE,68502,Walmart Grocery Whse 6858,2837 Senator Ralph Scott,Mebane,NC,27302
Happy Path 6,0488577814,Walmart,Cargill,RMB TRIPE Scald3#DcdWM-PP,5,LB, $2.0 ,7/6/2020,7/21/2020,Universal Pure-Lnk,1601 Pioneers Blvd,Lincoln,NE,68502,Walmart Grocery Whse 6858,2837 Senator Ralph Scott,Mebane,NC,27302
Happy Path 7,0489025156,Walmart,Cargill,RMB TRIPE Scald 5# WM PP1,20,LB, $1.7 ,7/7/2020,7/21/2020,Universal Pure-Lnk,1601 Pioneers Blvd,Lincoln,NE,68502,Walmart Grocery Whse 8851,4505 Highway 524,Cocoa,FL,32922
Happy Path 7,0489025156,Walmart,Cargill,RMB TRIPE Scld 2.75#WMPP1,24,LB, $1.8 ,7/7/2020,7/21/2020,Universal Pure-Lnk,1601 Pioneers Blvd,Lincoln,NE,68502,Walmart Grocery Whse 8851,4505 Highway 524,Cocoa,FL,32922
Happy Path 7,0489025156,Walmart,Cargill,RMB TONGUE S/T WM PP1,21,LB, $4.8 ,7/7/2020,7/21/2020,Universal Pure-Lnk,1601 Pioneers Blvd,Lincoln,NE,68502,Walmart Grocery Whse 8851,4505 Highway 524,Cocoa,FL,32922
Happy Path 7,0489025156,Walmart,Cargill,RMB TRIPAS MV WM,45,LB, $2.2 ,7/7/2020,7/21/2020,Universal Pure-Lnk,1601 Pioneers Blvd,Lincoln,NE,68502,Walmart Grocery Whse 8851,4505 Highway 524,Cocoa,FL,32922
Happy Path 7,0489025156,Walmart,Cargill,RMB HC TRIPE 2.5# WM PP1,24,LB, $3.0 ,7/7/2020,7/21/2020,Universal Pure-Lnk,1601 Pioneers Blvd,Lincoln,NE,68502,Walmart Grocery Whse 8851,4505 Highway 524,Cocoa,FL,32922
Happy Path 7,0489025156,Walmart,Cargill,RMB LIVER Slicd MV W-M PP,56,LB, $1.2 ,7/7/2020,7/21/2020,Universal Pure-Lnk,1601 Pioneers Blvd,Lincoln,NE,68502,Walmart Grocery Whse 8851,4505 Highway 524,Cocoa,FL,32922
Happy Path 7,0489025156,Walmart,Cargill,RMB CHEEKMEAT 2# Fs MV WM,16,LB, $3.0 ,7/7/2020,7/21/2020,Universal Pure-Lnk,1601 Pioneers Blvd,Lincoln,NE,68502,Walmart Grocery Whse 8851,4505 Highway 524,Cocoa,FL,32922
Happy Path 7,0489025156,Walmart,Cargill,RMB OXTAIL DeJoint WM PP1,20,LB, $7.9 ,7/7/2020,7/21/2020,Universal Pure-Lnk,1601 Pioneers Blvd,Lincoln,NE,68502,Walmart Grocery Whse 8851,4505 Highway 524,Cocoa,FL,32922
Happy Path 7,0489025156,Walmart,Cargill,RMB MARROW BONE MV W-M PP,25,LB, $2.9 ,7/7/2020,7/21/2020,Universal Pure-Lnk,1601 Pioneers Blvd,Lincoln,NE,68502,Walmart Grocery Whse 8851,4505 Highway 524,Cocoa,FL,32922
Happy Path 7,0489025156,Walmart,Cargill,SE BBCu Rb S/R RACK WM PP,30,LB, $2.0 ,7/7/2020,7/21/2020,Universal Pure-Lnk,1601 Pioneers Blvd,Lincoln,NE,68502,Walmart Grocery Whse 8851,4505 Highway 524,Cocoa,FL,32922
Happy Path 7,0489025156,Walmart,Cargill,SE BBCue Chx RIBLET WM PP,40,LB, $3.8 ,7/7/2020,7/21/2020,Universal Pure-Lnk,1601 Pioneers Blvd,Lincoln,NE,68502,Walmart Grocery Whse 8851,4505 Highway 524,Cocoa,FL,32922
Happy Path 7,0489025156,Walmart,Cargill,SE BRISKET W-Mart PP 5/Bx,25,LB, $1.8 ,7/7/2020,7/21/2020,Universal Pure-Lnk,1601 Pioneers Blvd,Lincoln,NE,68502,Walmart Grocery Whse 8851,4505 Highway 524,Cocoa,FL,32922
Happy Path 7,0489025156,Walmart,Cargill,SE INSIDE SKIRT VP WM-PP,5,LB, $2.2 ,7/7/2020,7/21/2020,Universal Pure-Lnk,1601 Pioneers Blvd,Lincoln,NE,68502,Walmart Grocery Whse 8851,4505 Highway 524,Cocoa,FL,32922
Happy Path 8,0474279145,Walmart,Cargill,Sam SirPty 85/15 5.3z Rd,900,LB, $5.9 ,5/17/2020,6/4/2020,Universal Pure-Lnk,1601 Pioneers Blvd,Lincoln,NE,68502,WALMART GROCERY WHSE 6055,655 Unisia Dr,Monroe,GA,  30655
Happy Path 8,0474279145,Walmart,Cargill,Sam Sea Pty 75/25 4z Ovt,540,LB, $1.2 ,5/17/2020,6/4/2020,Universal Pure-Lnk,1601 Pioneers Blvd,Lincoln,NE,68502,WALMART GROCERY WHSE 6055,655 Unisia Dr,Monroe,GA,  30655
Happy Path 9,0480081516,Walmart,Cargill,WM GB CHUB 85/15 1 LB FZ,252,LB, $55.0 ,6/2/2020,6/21/2020,Universal Pure-Lnk,1601 Pioneers Blvd,Lincoln,NE,68502,WALMART DC 6057,45346 Parkway Blvd,Robert,LA,70455
Happy Path 9,0480081516,Walmart,Cargill,WM GB CHUB 73/27 1LB FZ,336,LB, $44.2 ,6/2/2020,6/21/2020,Universal Pure-Lnk,1601 Pioneers Blvd,Lincoln,NE,68502,WALMART DC 6057,45346 Parkway Blvd,Robert,LA,70455
Happy Path 10,0487757580,Walmart,Cargill,Sam AnSeaPty80/20 5.3zRd,850,LB, $5.3 ,7/2/2020,7/18/2020,Universal Pure-Lnk,1601 Pioneers Blvd,Lincoln,NE,68502,WALMART GROCERY WHSE 6096,300 Enterprise Rd,Johnstown,NY,12095
Happy Path 10,0487757580,Walmart,Cargill,Sam SirPty 85/15 5.3z Rd,200,LB, $6.7 ,7/2/2020,7/18/2020,Universal Pure-Lnk,1601 Pioneers Blvd,Lincoln,NE,68502,WALMART GROCERY WHSE 6096,300 Enterprise Rd,Johnstown,NY,12095
Happy Path 11,4520236488,Tyson,Cargill,"EGGS,PRE,CKD,SCRAMBLED",740,LB, $46.7 ,5/13/2020,5/29/2020,Cargill Kitchen Solutions,206 W. 4th St,Monticello,MN,55376,BOSCO'S PIZZA CO,25000 GUENTHER,Warren,MI,48091
Happy Path 12,4520239736,Tyson,Cargill,"EGGS,PRE,CKD,SCRAMBLED",585,LB, $42.4 ,5/26/2020,6/11/2020,Cargill Kitchen Solutions,206 W. 4th St,Monticello,MN,55362,BOSCO'S PIZZA CO,25000 GUENTHER,Warren,MI,48091
