Order Placed 1,R9898987,03210780,Sysco,Cargill,SYS Fh Se Cmd Bf Btm Rnd Flat,88,LB,5/19/2020
Order Placed 1,R9898987,03210780,Sysco,Cargill,SYS Fh Ch Ckd Cmd Bf DF 1232,56,LB,5/19/2020
Order Placed 1,R9898987,03210780,Sysco,Cargill,SYS Fh Bf Clsc Pstrmi Btm Rnd,13,LB,5/19/2020
Order Placed 1,R9898987,03210780,Sysco,Cargill,SYS Fh Slcd Rst Bf 344,250,LB,5/19/2020
Order Placed 1,R9898987,03210780,Sysco,Cargill,SYS Fh Rst Bf No Roll,60,LB,5/19/2020
Order Placed 1,R9898987,03210780,Sysco,Cargill,SYS Fh Tp Cp/Off Rst Bf Wh 10%,35,LB,5/19/2020
Order Placed 1,R9898987,03210780,Sysco,Cargill,SYS Fh Slcd Smkd Ham WA 2400,53,LB,5/19/2020
Order Placed 1,R9898987,03210780,Sysco,Cargill,SYS Fh Slcd OR Tky Brst,36,LB,5/19/2020
Order Placed 1,R9898987,03210780,Sysco,Cargill,SYS Fh Slcd Smkd Tky Brst 2800,276,LB,5/19/2020
Order Placed 2,R3859283,0474815337,Walmart,Cargill,HSW Fz Pp 9.5 Nt Tm 10-16,704,LB,5/14/2020
In-Transit 1,R2233344,00991470,Sysco,Cargill,HP Ch Cld Pt Rst 0%,149,LB,6/24/2020
In-Transit 1,R2233344,00991470,Sysco,Cargill,HP Low Sod Sld Rst Beef,120,LB,6/24/2020
In-Transit 1,R2233344,00991470,Sysco,Cargill,HP Fz RTC Chef Ready 2 Pk,16,LB,6/24/2020
In-Transit 2,R1112876,0480698899,Walmart,Cargill,SBF Fh 85% Grd Turkey 8/1.3#,500,LB,5/30/2020
In-Transit 2,R1112876,0480698899,Walmart,Cargill,SBF Fh Swt Itl Sg Ex Wt 8/1.25,208,LB,5/30/2020
In-Transit 2,R1112876,0480698899,Walmart,Cargill,SBF Fh Grnd Tky Fam Pak 8/3#,336,LB,5/30/2020
In-Transit 2,R1112876,0480698899,Walmart,Cargill,SBF Fh 85% Grd Tky Chub 12/1,330,LB,5/30/2020
In-Transit 2,R1112876,0480698899,Walmart,Cargill,SBF Fh 93% Grd Turkey 8/3#,336,LB,5/30/2020
Arrival 1,R1115678,00983120,Sysco,Cargill,TNT AnSeaPty 75/25 8z Hst,44,LB,6/4/2020
Arrival 1,R1115678,00983120,Sysco,Cargill,TNT Sea Pty 75/25 F03003,40,LB,6/4/2020
Arrival 2,R1115678,0480948407,Walmart,Cargill,PD Fh HS Tky Brst 4pk,60,LB,6/7/2020
Arrival 2,R1115678,0480948407,Walmart,Cargill,PD Fh Reduced Sodium Turkey,15,LB,6/7/2020
Arrival 2,R1115678,0480948407,Walmart,Cargill,PD Fh OR Maple Hny Tky Brst,30,LB,6/7/2020
Arrival 2,R1115678,0480948407,Walmart,Cargill,PD Fh O/R Pepper Tky Brst,50,LB,6/7/2020
Arrival 2,R1115678,0480948407,Walmart,Cargill,PD Fh Caj Style Tky Brst,40,LB,6/7/2020
Payment 1,R4589094,348745,Sysco,Cargill,TNT Sea Pty 75/25 F03097,250,LB,7/9/2020
Payment 2,R3294855,0486174506,Walmart,Cargill,GB 85 Ang 4#/16 PY OW WM,200,LB,6/17/2020
Payment 2,R3294855,0486174506,Walmart,Cargill,GBF 93 4.5#/18 OW WM,700,LB,6/17/2020
Happy Path 1,R4556344,0483831934,Walmart,Cargill,HSW Fh 85% Grd Tky Chub 12/1,120,LB,6/11/2020
Happy Path 1,R4556344,0483831934,Walmart,Cargill,HSW Fh 85 Gr Tky Dry Ex Wt 6/3,256,LB,6/11/2020
Happy Path 1,R4556344,0483831934,Walmart,Cargill,HSW Fh Wings 6/3 Tray,24,LB,6/11/2020
Happy Path 1,R4556344,0483831934,Walmart,Cargill,HSW Fh Tky Drumsticks 6/2 Tray,56,LB,6/11/2020
Happy Path 1,R4556344,0483831934,Walmart,Cargill,HSW Fh 93 GrTky Dry ExWt 6/1.2,130,LB,6/11/2020
Happy Path 1,R4556344,0483831934,Walmart,Cargill,HSW Fh 85/15 GrTky ExWt 6/1.25,320,LB,6/11/2020
Happy Path 1,R4556344,0483831934,Walmart,Cargill,HSW Fh Gr WhtDry Ex Wt 6/1.25#,160,LB,6/11/2020
Happy Path 1,R4556344,0483831934,Walmart,Cargill,HSW Fh 85% Grd Tky Chub 3 lb.,88,LB,6/11/2020
Happy Path 1,R4556344,0483831934,Walmart,Cargill,HSW Fh 93% Grd Tky Fam PK 6/3#,312,LB,6/11/2020
Happy Path 1,R4556344,0483831934,Walmart,Cargill,HSW Fh 90% Grd Tky Chub 12/1,42,LB,6/11/2020
Happy Path 2,R8888323,0486519901,Walmart,Cargill,HSW Fh 85% Grd Tky Chub 12/1,400,LB,6/23/2020
Happy Path 2,R8888323,0486519901,Walmart,Cargill,HSW Fh 85 Gr Tky Dry Ex Wt 6/3,20,LB,6/23/2020
Happy Path 2,R8888323,0486519901,Walmart,Cargill,HSW Fh Tky Drumsticks 6/2 Tray,4,LB,6/23/2020
Happy Path 2,R8888323,0486519901,Walmart,Cargill,HSW Fh Necks 6/2 Tray,1,LB,6/23/2020
Happy Path 2,R8888323,0486519901,Walmart,Cargill,HSW Fh 93 GrTky Dry ExWt 6/1.2,130,LB,6/23/2020
Happy Path 2,R8888323,0486519901,Walmart,Cargill,HSW Fh 85/15 GrTky ExWt 6/1.25,240,LB,6/23/2020
Happy Path 2,R8888323,0486519901,Walmart,Cargill,HSW Fh Gr WhtDry Ex Wt 6/1.25#,80,LB,6/23/2020
Happy Path 2,R8888323,0486519901,Walmart,Cargill,HSW Fh 85% Grd Tky Chub 3 lb.,96,LB,6/23/2020
Happy Path 2,R8888323,0486519901,Walmart,Cargill,HSW Fh 93% Grd Tky Fam PK 6/3#,196,LB,6/23/2020
Happy Path 2,R8888323,0486519901,Walmart,Cargill,HON Fh Gr Brst Ex Wt 6/1.0,90,LB,6/23/2020
Happy Path 2,R8888323,0486519901,Walmart,Cargill,HON Fh 93 GrTky ExWt 6/1,90,LB,6/23/2020
Happy Path 2,R8888323,0486519901,Walmart,Cargill,HSW Fh 90% Grd Tky Chub 12/1,28,LB,6/23/2020
Happy Path 2,R8888323,0486519901,Walmart,Cargill,HSW Fh 93% Grd Tky Chub 12/1,28,LB,6/23/2020
Happy Path 2,R8888323,0486519901,Walmart,Cargill,HSW DC Sklt Kit Ccnt Curry,52,LB,6/23/2020
Happy Path 2,R8888323,0486519901,Walmart,Cargill,HSW DC Sklt Kit TomGarBasl,26,LB,6/23/2020
Happy Path 2,R8888323,0486519901,Walmart,Cargill,HSW Fh Tky Tndrln Rotis Mrntd,3,LB,6/23/2020
Happy Path 3,R3232333,0476992434,Walmart,Cargill,GB 85 Ang 4#/16 PY OW WM,263,LB,5/14/2020
Happy Path 4,R5574853,0477466825,Walmart,Cargill,WM ANG CH LONDON BROIL,59,LB,5/15/2020
Happy Path 4,R5574853,0477466825,Walmart,Cargill,WM ANG CH RUMP ROAST,32,LB,5/15/2020
Happy Path 4,R5574853,0477466825,Walmart,Cargill,WM ANG CH RIBEYE THIN,112,LB,5/15/2020
Happy Path 4,R5574853,0477466825,Walmart,Cargill,WM ANG CH T-BONE STEAK,38,LB,5/15/2020
Happy Path 4,R5574853,0477466825,Walmart,Cargill,WM ANG CH TOP SIRLOIN,51,LB,5/15/2020
Happy Path 4,R5574853,0477466825,Walmart,Cargill,MILANESA,200,LB,5/15/2020
Happy Path 4,R5574853,0477466825,Walmart,Cargill,CUBED STEAK LG,30,LB,5/15/2020
Happy Path 4,R5574853,0477466825,Walmart,Cargill,CARNE PICADA LARGE,32,LB,5/15/2020
Happy Path 4,R5574853,0477466825,Walmart,Cargill,EYE OF ROUND THIN,59,LB,5/15/2020
Happy Path 4,R5574853,0477466825,Walmart,Cargill,SIRLOIN TIP THIN,59,LB,5/15/2020
Happy Path 4,R5574853,0477466825,Walmart,Cargill,STIR FRY,30,LB,5/15/2020
Happy Path 4,R5574853,0477466825,Walmart,Cargill,CUBE STEAK,27,LB,5/15/2020
Happy Path 4,R5574853,0477466825,Walmart,Cargill,CHUCK TENDER ROAST,60,LB,5/15/2020
Happy Path 4,R5574853,0477466825,Walmart,Cargill,STEW MEAT SUPER TRIM,53,LB,5/15/2020
Happy Path 4,R5574853,0477466825,Walmart,Cargill,STEW MEAT LG,94,LB,5/15/2020
Happy Path 4,R5574853,0477466825,Walmart,Cargill,WM CH ANG T-BONE XL TRAY,30,LB,5/15/2020
Happy Path 4,R5574853,0477466825,Walmart,Cargill,WM ANG CH RIBEYE STEAK,105,LB,5/15/2020
Happy Path 4,R5574853,0477466825,Walmart,Cargill,NY STRIP STEAK LG,59,LB,5/15/2020
Happy Path 4,R5574853,0477466825,Walmart,Cargill,WM ANG CHOICE CHUCK ROAST,70,LB,5/15/2020
Happy Path 4,R5574853,0477466825,Walmart,Cargill,CHUCK ROAST,99,LB,5/15/2020
Happy Path 4,R5574853,0477466825,Walmart,Cargill,CH PET FILET MIG,4,LB,5/15/2020
Happy Path 4,R5574853,0477466825,Walmart,Cargill,WM ANG CHOICE TENDERLOIN,4,LB,5/15/2020
Happy Path 4,R5574853,0477466825,Walmart,Cargill,CHOICE BNLS RIBEYE STEAK,22,LB,5/15/2020
Happy Path 5,R2482343,0482233182,Walmart,Cargill,GB NF 73 WM3 36,420,LB,6/5/2020
Happy Path 5,R2482343,0482233182,Walmart,Cargill,GB NF 73 WM5 40,118,LB,6/5/2020
Happy Path 5,R2482343,0482233182,Walmart,Cargill,GB NF 80Chk WM01 24,112,LB,6/5/2020
Happy Path 5,R2482343,0482233182,Walmart,Cargill,GB NF 73 WM01 24,336,LB,6/5/2020
Happy Path 5,R2482343,0482233182,Walmart,Cargill,GB NF 85 WM01 24,24,LB,6/5/2020
Happy Path 6,R0002777,0488577814,Walmart,Cargill,RMB TRIPE Scald 5# WM PP1,80,LB,7/6/2020
Happy Path 6,R0002777,0488577814,Walmart,Cargill,RMB TRIPE Scld 2.75#WMPP1,96,LB,7/6/2020
Happy Path 6,R0002777,0488577814,Walmart,Cargill,RMB TONGUE S/T WM PP1,160,LB,7/6/2020
Happy Path 6,R0002777,0488577814,Walmart,Cargill,RMB TRIPAS MV WM,240,LB,7/6/2020
Happy Path 6,R0002777,0488577814,Walmart,Cargill,RMB HC TRIPE 2.5# WM PP1,160,LB,7/6/2020
Happy Path 6,R0002777,0488577814,Walmart,Cargill,RMB LIVER Slicd MV W-M PP,128,LB,7/6/2020
Happy Path 6,R0002777,0488577814,Walmart,Cargill,RMB CHEEKMEAT 2# Fs MV WM,112,LB,7/6/2020
Happy Path 6,R0002777,0488577814,Walmart,Cargill,RMB OXTAIL DeJoint WM PP1,240,LB,7/6/2020
Happy Path 6,R0002777,0488577814,Walmart,Cargill,RMB MARROW BONE MV W-M PP,10,LB,7/6/2020
Happy Path 6,R0002777,0488577814,Walmart,Cargill,RMB NECKBONE XCut MV WMPP,5,LB,7/6/2020
Happy Path 6,R0002777,0488577814,Walmart,Cargill,SE BBCu Rb S/R RACK WM PP,105,LB,7/6/2020
Happy Path 6,R0002777,0488577814,Walmart,Cargill,RMB TRIPE Scald3#DcdWM-PP,5,LB,7/6/2020
Happy Path 7,R8239555,0489025156,Walmart,Cargill,RMB TRIPE Scald 5# WM PP1,20,LB,7/7/2020
Happy Path 7,R8239555,0489025156,Walmart,Cargill,RMB TRIPE Scld 2.75#WMPP1,24,LB,7/7/2020
Happy Path 7,R8239555,0489025156,Walmart,Cargill,RMB TONGUE S/T WM PP1,21,LB,7/7/2020
Happy Path 7,R8239555,0489025156,Walmart,Cargill,RMB TRIPAS MV WM,45,LB,7/7/2020
Happy Path 7,R8239555,0489025156,Walmart,Cargill,RMB HC TRIPE 2.5# WM PP1,24,LB,7/7/2020
Happy Path 7,R8239555,0489025156,Walmart,Cargill,RMB LIVER Slicd MV W-M PP,56,LB,7/7/2020
Happy Path 7,R8239555,0489025156,Walmart,Cargill,RMB CHEEKMEAT 2# Fs MV WM,16,LB,7/7/2020
Happy Path 7,R8239555,0489025156,Walmart,Cargill,RMB OXTAIL DeJoint WM PP1,20,LB,7/7/2020
Happy Path 7,R8239555,0489025156,Walmart,Cargill,RMB MARROW BONE MV W-M PP,25,LB,7/7/2020
Happy Path 7,R8239555,0489025156,Walmart,Cargill,SE BBCu Rb S/R RACK WM PP,30,LB,7/7/2020
Happy Path 7,R8239555,0489025156,Walmart,Cargill,SE BBCue Chx RIBLET WM PP,40,LB,7/7/2020
Happy Path 7,R8239555,0489025156,Walmart,Cargill,SE BRISKET W-Mart PP 5/Bx,25,LB,7/7/2020
Happy Path 7,R8239555,0489025156,Walmart,Cargill,SE INSIDE SKIRT VP WM-PP,5,LB,7/7/2020
Happy Path 8,R5534332,0474279145,Walmart,Cargill,Sam SirPty 85/15 5.3z Rd,900,LB,5/17/2020
Happy Path 8,R5534332,0474279145,Walmart,Cargill,Sam Sea Pty 75/25 4z Ovt,540,LB,5/17/2020
Happy Path 9,R8944444,0480081516,Walmart,Cargill,WM GB CHUB 85/15 1 LB FZ,252,LB,6/2/2020
Happy Path 9,R8944444,0480081516,Walmart,Cargill,WM GB CHUB 73/27 1LB FZ,336,LB,6/2/2020
Happy Path 10,R7777899,0487757580,Walmart,Cargill,Sam AnSeaPty80/20 5.3zRd,850,LB,7/2/2020
Happy Path 10,R7777899,0487757580,Walmart,Cargill,Sam SirPty 85/15 5.3z Rd,200,LB,7/2/2020
Happy Path 11,R3322996,4520236488,Tyson,Cargill,"EGGS,PRE,CKD,SCRAMBLED",740,LB,5/13/2020
Happy Path 12,R1118882,4520239736,Tyson,Cargill,"EGGS,PRE,CKD,SCRAMBLED",585,LB,5/26/2020
