PDF,Order Placed 1,25636220,03210780,Sysco,Cargill,SYS Fh Se Cmd Bf Btm Rnd Flat,88,LB, $6.7 
,Order Placed 1,25636220,03210780,Sysco,Cargill,SYS Fh Ch Ckd Cmd Bf DF 1232,56,LB, $3.3 
,Order Placed 1,25636220,03210780,Sysco,Cargill,SYS Fh Bf Clsc Pstrmi Btm Rnd,13,LB, $5.2 
,Order Placed 1,25636220,03210780,Sysco,Cargill,SYS Fh Slcd Rst Bf 344,250,LB, $6.1 
,Order Placed 1,25636220,03210780,Sysco,Cargill,SYS Fh Rst Bf No Roll,60,LB, $4.4 
,Order Placed 1,25636220,03210780,Sysco,Cargill,SYS Fh Tp Cp/Off Rst Bf Wh 10%,35,LB, $2.9 
,Order Placed 1,25636220,03210780,Sysco,Cargill,SYS Fh Slcd Smkd Ham WA 2400,53,LB, $3.5 
,Order Placed 1,25636220,03210780,Sysco,Cargill,SYS Fh Slcd OR Tky Brst,36,LB, $2.8 
,Order Placed 1,25636220,03210780,Sysco,Cargill,SYS Fh Slcd Smkd Tky Brst 2800,276,LB, $3.9 
PDF,Order Placed 2,25635448,0474815337,Walmart,Cargill,HSW Fz Pp 9.5 Nt Tm 10-16,704,LB, $3.5 
