{
  "action": "PROPOSE_BOL",
  "purchase_order_number": "0480698899",
  "bol": {
    "purchase_order_number": "0480698899",
    "bol_id": "WO-557788",
    "buyer": "wmt",
    "supplier": "cgl",
    "freight_forwarder": "jbh",
    "timestamp": "2020-07-31T21:26:13+00:00",
    "products": [
      {
        "product": "SBF Fh 85% Grd Turkey 8/1.3#",
        "purchase_order_number": "0480698899",
        "quantity": 560,
        "quantity_unit_of_measure": "LB",
        "timestamp": "2020-07-31T21:26:13+00:00"
      },
      {
        "product": "SBF Fh Swt Itl Sg Ex Wt 8/1.25",
        "purchase_order_number": "0480698899",
        "quantity": 208,
        "quantity_unit_of_measure": "LB",
        "timestamp": "2020-07-31T21:26:13+00:00"
      },
      {
        "product": "SBF Fh Grnd Tky Fam Pak 8/3#",
        "purchase_order_number": "0480698899",
        "quantity": 336,
        "quantity_unit_of_measure": "LB",
        "timestamp": "2020-07-31T21:26:13+00:00"
      },
      {
        "product": "SBF Fh 85% Grd Tky Chub 12/1",
        "purchase_order_number": "0480698899",
        "quantity": 330,
        "quantity_unit_of_measure": "LB",
        "timestamp": "2020-07-31T21:26:13+00:00"
      },
      {
        "product": "SBF Fh 93% Grd Turkey 8/3#",
        "purchase_order_number": "0480698899",
        "quantity": 336,
        "quantity_unit_of_measure": "LB",
        "timestamp": "2020-07-31T21:26:13+00:00"
      }
    ],
    "trailer": {
      "id": "557449",
      "loaded_by": "supplier",
      "counted_by": "carrier"
    },
    "seals": [
      {
        "seal_number": "55559",
        "seal_status": "Broken"
      }
    ],
    "date_order_shipped": "2020-05-28",
    "date_order_delivered": "2020-05-30",
    "address_ship_from": {
      "street_address": "Universal Pure-Lnk",
      "address_line_2": "1601 Pioneers Blvd",
      "city": "Lincoln",
      "state": "NE",
      "zip_code": "68502"
    },
    "address_ship_to": {
      "street_address": "WAL MART POTTSVILLE 7030",
      "address_line_2": "390 Highridge Park Rd",
      "city": "Pottsville",
      "state": "5/28/2020",
      "zip_code": "17901"
    },
    "freight_terms": "TBD",
    "carrier_name": "J.B. Hunt",
    "supplier_signature": "n/a",
    "carrier_signature": "n/a",
    "carrier_standard_carrier_alpha_code": "ABCD"
  },
  "timestamp": "2020-07-31T21:26:13+00:00"
}