{
  "action": "PROPOSE_BOL",
  "purchase_order_number": "0474279145",
  "bol": {
    "purchase_order_number": "0474279145",
    "bol_id": "WO-837592",
    "buyer": "wmt",
    "supplier": "cgl",
    "freight_forwarder": "jbh",
    "timestamp": "2020-08-04T09:26:13+00:00",
    "products": [
      {
        "product": "Sam SirPty 85/15 5.3z Rd",
        "purchase_order_number": "0474279145",
        "quantity": 900,
        "quantity_unit_of_measure": "LB",
        "timestamp": "2020-08-04T09:26:13+00:00"
      },
      {
        "product": "Sam Sea Pty 75/25 4z Ovt",
        "purchase_order_number": "0474279145",
        "quantity": 540,
        "quantity_unit_of_measure": "LB",
        "timestamp": "2020-08-04T09:26:13+00:00"
      }
    ],
    "trailer": {
      "id": "925934",
      "loaded_by": "supplier",
      "counted_by": "carrier"
    },
    "seals": [
      {
        "seal_number": "223232",
        "seal_status": "Intact"
      }
    ],
    "date_order_shipped": "2020-05-15",
    "date_order_delivered": "2020-05-17",
    "address_ship_from": {
      "street_address": "Universal Pure-Lnk",
      "address_line_2": "1601 Pioneers Blvd",
      "city": "Lincoln",
      "state": "NE",
      "zip_code": "68502"
    },
    "address_ship_to": {
      "street_address": "WALMART GROCERY WHSE 6055",
      "address_line_2": "655 Unisia Dr",
      "city": "Monroe",
      "state": "5/15/2020",
      "zip_code": "\u00a0 30655"
    },
    "freight_terms": "TBD",
    "carrier_name": "J.B. Hunt",
    "supplier_signature": "n/a",
    "carrier_signature": "n/a",
    "carrier_standard_carrier_alpha_code": "ABCD"
  },
  "timestamp": "2020-08-04T09:26:13+00:00"
}