{
  "action": "SUBMIT_INVOICE",
  "purchase_order_number": "0486174506",
  "invoice": {
    "invoice_number": "29270390",
    "purchase_order_number": "0486174506",
    "timestamp": "2020-07-30T11:26:13+00:00",
    "buyer": "Walmart",
    "supplier": "Cargill",
    "products": [
      {
        "product": "GB 85 Ang 4#/16 PY OW WM",
        "purchase_order_number": "0486174506",
        "quantity": 200,
        "quantity_unit_of_measure": "LB",
        "product_price": 75.6,
        "timestamp": "2020-07-30T11:26:13+00:00"
      },
      {
        "product": "GBF 93 4.5#/18 OW WM",
        "purchase_order_number": "0486174506",
        "quantity": 700,
        "quantity_unit_of_measure": "LB",
        "product_price": 89.9,
        "timestamp": "2020-07-30T11:26:13+00:00"
      }
    ]
  },
  "timestamp": "2020-07-30T11:26:13+00:00"
}