{
  "action": "PROPOSE_PURCHASE_ORDER",
  "purchase_order_number": "0486174506",
  "purchase_order": {
    "purchase_order_number": "0486174506",
    "buyer": "wmt",
    "supplier": "cgl",
    "timestamp": "2020-07-29T02:26:13+00:00",
    "products": [
      {
        "product": "GB 85 Ang 4#/16 PY OW WM",
        "purchase_order_number": "0486174506",
        "quantity": 200,
        "quantity_unit_of_measure": "LB",
        "product_price": 75.6,
        "timestamp": "2020-07-29T02:26:13+00:00"
      },
      {
        "product": "GBF 93 4.5#/18 OW WM",
        "purchase_order_number": "0486174506",
        "quantity": 700,
        "quantity_unit_of_measure": "LB",
        "product_price": 89.9,
        "timestamp": "2020-07-29T02:26:13+00:00"
      }
    ],
    "date_order_expected": "2020-06-17",
    "date_order_close": "2020-07-03",
    "address_ship_from": {
      "street_address": "Universal Pure-Lnk",
      "address_line_2": "1601 Pioneers Blvd",
      "city": "Lincoln",
      "state": "NE",
      "zip_code": "68502"
    },
    "address_ship_to": {
      "street_address": "Walmart Grocery CHUB 7012",
      "address_line_2": "1400 Old Chillicothe Rd S",
      "city": "Washington Cour",
      "state": "OH",
      "zip_code": "43160"
    }
  },
  "timestamp": "2020-07-29T02:26:13+00:00"
}