{
  "action": "SET_RECEIPT",
  "purchase_order_number": "0486174506",
  "receipt": {
    "purchase_order_number": "0486174506",
    "timestamp": "2020-08-06T05:26:13+00:00",
    "buyer": "Walmart",
    "supplier": "Cargill",
    "products": [
      {
        "product": "GB 85 Ang 4#/16 PY OW WM",
        "purchase_order_number": "0486174506",
        "quantity": 200,
        "quantity_unit_of_measure": "LB",
        "timestamp": "2020-08-06T05:26:13+00:00"
      },
      {
        "product": "GBF 93 4.5#/18 OW WM",
        "purchase_order_number": "0486174506",
        "quantity": 700,
        "quantity_unit_of_measure": "LB",
        "timestamp": "2020-08-06T05:26:13+00:00"
      }
    ],
    "date_order_received": "2020-06-17"
  },
  "timestamp": "2020-08-06T05:26:13+00:00"
}