{
  "action": "SET_BOL",
  "purchase_order_number": "0486174506",
  "bol": {
    "purchase_order_number": "0486174506",
    "bol_id": "WO-987234",
    "buyer": "wmt",
    "supplier": "cgl",
    "freight_forwarder": "jbh",
    "timestamp": "2020-08-02T01:26:13+00:00",
    "products": [
      {
        "product": "GB 85 Ang 4#/16 PY OW WM",
        "purchase_order_number": "0486174506",
        "quantity": 200,
        "quantity_unit_of_measure": "LB",
        "timestamp": "2020-08-02T01:26:13+00:00"
      },
      {
        "product": "GBF 93 4.5#/18 OW WM",
        "purchase_order_number": "0486174506",
        "quantity": 700,
        "quantity_unit_of_measure": "LB",
        "timestamp": "2020-08-02T01:26:13+00:00"
      }
    ],
    "trailer": {
      "id": "338855",
      "loaded_by": "supplier",
      "counted_by": "carrier"
    },
    "seals": [
      {
        "seal_number": "444666",
        "seal_status": "Intact"
      }
    ],
    "date_order_shipped": "2020-06-15",
    "date_order_delivered": "2020-06-17",
    "address_ship_from": {
      "street_address": "Universal Pure-Lnk",
      "address_line_2": "1601 Pioneers Blvd",
      "city": "Lincoln",
      "state": "NE",
      "zip_code": "68502"
    },
    "address_ship_to": {
      "street_address": "Walmart Grocery CHUB 7012",
      "address_line_2": "1400 Old Chillicothe Rd S",
      "city": "Washington Cour",
      "state": "6/15/2020",
      "zip_code": "43160"
    },
    "freight_terms": "TBD",
    "carrier_name": "J.B. Hunt",
    "supplier_signature": "n/a",
    "carrier_signature": "n/a",
    "carrier_standard_carrier_alpha_code": "ABCD"
  },
  "timestamp": "2020-08-02T01:26:13+00:00"
}