{
  "action": "PROPOSE_PURCHASE_ORDER",
  "purchase_order_number": "0488577814",
  "purchase_order": {
    "purchase_order_number": "0488577814",
    "buyer": "wmt",
    "supplier": "cgl",
    "timestamp": "2020-07-29T14:26:13+00:00",
    "products": [
      {
        "product": "RMB TRIPE Scald 5# WM PP1",
        "purchase_order_number": "0488577814",
        "quantity": 80,
        "quantity_unit_of_measure": "LB",
        "product_price": 3.4,
        "timestamp": "2020-07-29T14:26:13+00:00"
      },
      {
        "product": "RMB TRIPE Scld 2.75#WMPP1",
        "purchase_order_number": "0488577814",
        "quantity": 96,
        "quantity_unit_of_measure": "LB",
        "product_price": 2.2,
        "timestamp": "2020-07-29T14:26:13+00:00"
      },
      {
        "product": "RMB TONGUE S/T WM PP1",
        "purchase_order_number": "0488577814",
        "quantity": 160,
        "quantity_unit_of_measure": "LB",
        "product_price": 6.7,
        "timestamp": "2020-07-29T14:26:13+00:00"
      },
      {
        "product": "RMB TRIPAS MV WM",
        "purchase_order_number": "0488577814",
        "quantity": 240,
        "quantity_unit_of_measure": "LB",
        "product_price": 2.2,
        "timestamp": "2020-07-29T14:26:13+00:00"
      },
      {
        "product": "RMB HC TRIPE 2.5# WM PP1",
        "purchase_order_number": "0488577814",
        "quantity": 160,
        "quantity_unit_of_measure": "LB",
        "product_price": 3.2,
        "timestamp": "2020-07-29T14:26:13+00:00"
      },
      {
        "product": "RMB LIVER Slicd MV W-M PP",
        "purchase_order_number": "0488577814",
        "quantity": 128,
        "quantity_unit_of_measure": "LB",
        "product_price": 1.2,
        "timestamp": "2020-07-29T14:26:13+00:00"
      },
      {
        "product": "RMB CHEEKMEAT 2# Fs MV WM",
        "purchase_order_number": "0488577814",
        "quantity": 112,
        "quantity_unit_of_measure": "LB",
        "product_price": 1.9,
        "timestamp": "2020-07-29T14:26:13+00:00"
      },
      {
        "product": "RMB OXTAIL DeJoint WM PP1",
        "purchase_order_number": "0488577814",
        "quantity": 240,
        "quantity_unit_of_measure": "LB",
        "product_price": 4.6,
        "timestamp": "2020-07-29T14:26:13+00:00"
      },
      {
        "product": "RMB MARROW BONE MV W-M PP",
        "purchase_order_number": "0488577814",
        "quantity": 10,
        "quantity_unit_of_measure": "LB",
        "product_price": 4.4,
        "timestamp": "2020-07-29T14:26:13+00:00"
      },
      {
        "product": "RMB NECKBONE XCut MV WMPP",
        "purchase_order_number": "0488577814",
        "quantity": 5,
        "quantity_unit_of_measure": "LB",
        "product_price": 3.1,
        "timestamp": "2020-07-29T14:26:13+00:00"
      },
      {
        "product": "SE BBCu Rb S/R RACK WM PP",
        "purchase_order_number": "0488577814",
        "quantity": 105,
        "quantity_unit_of_measure": "LB",
        "product_price": 1.4,
        "timestamp": "2020-07-29T14:26:13+00:00"
      },
      {
        "product": "RMB TRIPE Scald3#DcdWM-PP",
        "purchase_order_number": "0488577814",
        "quantity": 5,
        "quantity_unit_of_measure": "LB",
        "product_price": 2.0,
        "timestamp": "2020-07-29T14:26:13+00:00"
      }
    ],
    "date_order_expected": "2020-07-06",
    "date_order_close": "2020-07-21",
    "address_ship_from": {
      "street_address": "Universal Pure-Lnk",
      "address_line_2": "1601 Pioneers Blvd",
      "city": "Lincoln",
      "state": "NE",
      "zip_code": "68502"
    },
    "address_ship_to": {
      "street_address": "Walmart Grocery Whse 6858",
      "address_line_2": "2837 Senator Ralph Scott",
      "city": "Mebane",
      "state": "NC",
      "zip_code": "27302"
    }
  },
  "timestamp": "2020-07-29T14:26:13+00:00"
}