{
  "action": "SET_BOL",
  "purchase_order_number": "0488577814",
  "bol": {
    "purchase_order_number": "0488577814",
    "bol_id": "WO-459248",
    "buyer": "wmt",
    "supplier": "cgl",
    "freight_forwarder": "jbh",
    "timestamp": "2020-08-03T19:26:13+00:00",
    "products": [
      {
        "product": "RMB TRIPE Scald 5# WM PP1",
        "purchase_order_number": "0488577814",
        "quantity": 80,
        "quantity_unit_of_measure": "LB",
        "timestamp": "2020-08-03T19:26:13+00:00"
      },
      {
        "product": "RMB TRIPE Scld 2.75#WMPP1",
        "purchase_order_number": "0488577814",
        "quantity": 96,
        "quantity_unit_of_measure": "LB",
        "timestamp": "2020-08-03T19:26:13+00:00"
      },
      {
        "product": "RMB TONGUE S/T WM PP1",
        "purchase_order_number": "0488577814",
        "quantity": 160,
        "quantity_unit_of_measure": "LB",
        "timestamp": "2020-08-03T19:26:13+00:00"
      },
      {
        "product": "RMB TRIPAS MV WM",
        "purchase_order_number": "0488577814",
        "quantity": 240,
        "quantity_unit_of_measure": "LB",
        "timestamp": "2020-08-03T19:26:13+00:00"
      },
      {
        "product": "RMB HC TRIPE 2.5# WM PP1",
        "purchase_order_number": "0488577814",
        "quantity": 160,
        "quantity_unit_of_measure": "LB",
        "timestamp": "2020-08-03T19:26:13+00:00"
      },
      {
        "product": "RMB LIVER Slicd MV W-M PP",
        "purchase_order_number": "0488577814",
        "quantity": 128,
        "quantity_unit_of_measure": "LB",
        "timestamp": "2020-08-03T19:26:13+00:00"
      },
      {
        "product": "RMB CHEEKMEAT 2# Fs MV WM",
        "purchase_order_number": "0488577814",
        "quantity": 112,
        "quantity_unit_of_measure": "LB",
        "timestamp": "2020-08-03T19:26:13+00:00"
      },
      {
        "product": "RMB OXTAIL DeJoint WM PP1",
        "purchase_order_number": "0488577814",
        "quantity": 240,
        "quantity_unit_of_measure": "LB",
        "timestamp": "2020-08-03T19:26:13+00:00"
      },
      {
        "product": "RMB MARROW BONE MV W-M PP",
        "purchase_order_number": "0488577814",
        "quantity": 10,
        "quantity_unit_of_measure": "LB",
        "timestamp": "2020-08-03T19:26:13+00:00"
      },
      {
        "product": "RMB NECKBONE XCut MV WMPP",
        "purchase_order_number": "0488577814",
        "quantity": 5,
        "quantity_unit_of_measure": "LB",
        "timestamp": "2020-08-03T19:26:13+00:00"
      },
      {
        "product": "SE BBCu Rb S/R RACK WM PP",
        "purchase_order_number": "0488577814",
        "quantity": 105,
        "quantity_unit_of_measure": "LB",
        "timestamp": "2020-08-03T19:26:13+00:00"
      },
      {
        "product": "RMB TRIPE Scald3#DcdWM-PP",
        "purchase_order_number": "0488577814",
        "quantity": 5,
        "quantity_unit_of_measure": "LB",
        "timestamp": "2020-08-03T19:26:13+00:00"
      }
    ],
    "trailer": {
      "id": "123134",
      "loaded_by": "supplier",
      "counted_by": "carrier"
    },
    "seals": [
      {
        "seal_number": "492454",
        "seal_status": "Intact"
      }
    ],
    "date_order_shipped": "2020-07-02",
    "date_order_delivered": "2020-07-06",
    "address_ship_from": {
      "street_address": "Universal Pure-Lnk",
      "address_line_2": "1601 Pioneers Blvd",
      "city": "Lincoln",
      "state": "NE",
      "zip_code": "68502"
    },
    "address_ship_to": {
      "street_address": "Walmart Grocery Whse 6858",
      "address_line_2": "2837 Senator Ralph Scott",
      "city": "Mebane",
      "state": "7/2/2020",
      "zip_code": "27302"
    },
    "freight_terms": "TBD",
    "carrier_name": "J.B. Hunt",
    "supplier_signature": "n/a",
    "carrier_signature": "n/a",
    "carrier_standard_carrier_alpha_code": "ABCD"
  },
  "timestamp": "2020-08-03T19:26:13+00:00"
}