{
  "action": "SET_RECEIPT",
  "purchase_order_number": "0488577814",
  "receipt": {
    "purchase_order_number": "0488577814",
    "timestamp": "2020-08-06T11:26:13+00:00",
    "buyer": "Walmart",
    "supplier": "Cargill",
    "products": [
      {
        "product": "RMB TRIPE Scald 5# WM PP1",
        "purchase_order_number": "0488577814",
        "quantity": 80,
        "quantity_unit_of_measure": "LB",
        "timestamp": "2020-08-06T11:26:13+00:00"
      },
      {
        "product": "RMB TRIPE Scld 2.75#WMPP1",
        "purchase_order_number": "0488577814",
        "quantity": 96,
        "quantity_unit_of_measure": "LB",
        "timestamp": "2020-08-06T11:26:13+00:00"
      },
      {
        "product": "RMB TONGUE S/T WM PP1",
        "purchase_order_number": "0488577814",
        "quantity": 160,
        "quantity_unit_of_measure": "LB",
        "timestamp": "2020-08-06T11:26:13+00:00"
      },
      {
        "product": "RMB TRIPAS MV WM",
        "purchase_order_number": "0488577814",
        "quantity": 240,
        "quantity_unit_of_measure": "LB",
        "timestamp": "2020-08-06T11:26:13+00:00"
      },
      {
        "product": "RMB HC TRIPE 2.5# WM PP1",
        "purchase_order_number": "0488577814",
        "quantity": 160,
        "quantity_unit_of_measure": "LB",
        "timestamp": "2020-08-06T11:26:13+00:00"
      },
      {
        "product": "RMB LIVER Slicd MV W-M PP",
        "purchase_order_number": "0488577814",
        "quantity": 128,
        "quantity_unit_of_measure": "LB",
        "timestamp": "2020-08-06T11:26:13+00:00"
      },
      {
        "product": "RMB CHEEKMEAT 2# Fs MV WM",
        "purchase_order_number": "0488577814",
        "quantity": 112,
        "quantity_unit_of_measure": "LB",
        "timestamp": "2020-08-06T11:26:13+00:00"
      },
      {
        "product": "RMB OXTAIL DeJoint WM PP1",
        "purchase_order_number": "0488577814",
        "quantity": 240,
        "quantity_unit_of_measure": "LB",
        "timestamp": "2020-08-06T11:26:13+00:00"
      },
      {
        "product": "RMB MARROW BONE MV W-M PP",
        "purchase_order_number": "0488577814",
        "quantity": 10,
        "quantity_unit_of_measure": "LB",
        "timestamp": "2020-08-06T11:26:13+00:00"
      },
      {
        "product": "RMB NECKBONE XCut MV WMPP",
        "purchase_order_number": "0488577814",
        "quantity": 5,
        "quantity_unit_of_measure": "LB",
        "timestamp": "2020-08-06T11:26:13+00:00"
      },
      {
        "product": "SE BBCu Rb S/R RACK WM PP",
        "purchase_order_number": "0488577814",
        "quantity": 105,
        "quantity_unit_of_measure": "LB",
        "timestamp": "2020-08-06T11:26:13+00:00"
      },
      {
        "product": "RMB TRIPE Scald3#DcdWM-PP",
        "purchase_order_number": "0488577814",
        "quantity": 5,
        "quantity_unit_of_measure": "LB",
        "timestamp": "2020-08-06T11:26:13+00:00"
      }
    ],
    "date_order_received": "2020-07-06"
  },
  "timestamp": "2020-08-06T11:26:13+00:00"
}