{
  "action": "PROPOSE_PURCHASE_ORDER",
  "purchase_order_number": "00983120",
  "purchase_order": {
    "purchase_order_number": "00983120",
    "buyer": "syy",
    "supplier": "cgl",
    "timestamp": "2020-07-28T20:26:13+00:00",
    "products": [
      {
        "product": "TNT AnSeaPty 75/25 8z Hst",
        "purchase_order_number": "00983120",
        "quantity": 84,
        "quantity_unit_of_measure": "LB",
        "product_price": 22.8,
        "timestamp": "2020-07-28T20:26:13+00:00"
      },
      {
        "product": "TNT Sea Pty 75/25 F03003",
        "purchase_order_number": "00983120",
        "quantity": 40,
        "quantity_unit_of_measure": "LB",
        "product_price": 4.5,
        "timestamp": "2020-07-28T20:26:13+00:00"
      }
    ],
    "date_order_expected": "2020-06-04",
    "date_order_close": "2020-08-15",
    "address_ship_from": {
      "street_address": "Universal Pure-Lnk",
      "address_line_2": "1601 Pioneers Blvd",
      "city": "Lincoln",
      "state": "NE",
      "zip_code": "68502"
    },
    "address_ship_to": {
      "street_address": "SYSCO ALASKA PS&L",
      "address_line_2": "1039 Valley Ave NW",
      "city": "Puyallup",
      "state": "WA",
      "zip_code": "98371"
    }
  },
  "timestamp": "2020-07-28T20:26:13+00:00"
}