{
  "action": "UPDATE_INVOICE",
  "purchase_order_number": "00983120",
  "invoice": {
    "invoice_number": "555332",
    "purchase_order_number": "00983120",
    "timestamp": "2020-08-06T20:26:13+00:00",
    "buyer": "Sysco",
    "supplier": "Cargill",
    "products": [
      {
        "product": "TNT AnSeaPty 75/25 8z Hst",
        "purchase_order_number": "00983120",
        "quantity": 44,
        "quantity_unit_of_measure": "LB",
        "product_price": 22.8,
        "timestamp": "2020-07-30T23:26:13+00:00"
      },
      {
        "product": "TNT Sea Pty 75/25 F03003",
        "purchase_order_number": "00983120",
        "quantity": 40,
        "quantity_unit_of_measure": "LB",
        "product_price": 4.5,
        "timestamp": "2020-07-30T23:26:13+00:00"
      }
    ]
  },
  "timestamp": "2020-08-06T20:26:13+00:00"
}