{
  "action": "PROPOSE_PURCHASE_ORDER",
  "purchase_order_number": "0489025156",
  "purchase_order": {
    "purchase_order_number": "0489025156",
    "buyer": "wmt",
    "supplier": "cgl",
    "timestamp": "2020-07-29T16:26:13+00:00",
    "products": [
      {
        "product": "RMB TRIPE Scald 5# WM PP1",
        "purchase_order_number": "0489025156",
        "quantity": 20,
        "quantity_unit_of_measure": "LB",
        "product_price": 1.7,
        "timestamp": "2020-07-29T16:26:13+00:00"
      },
      {
        "product": "RMB TRIPE Scld 2.75#WMPP1",
        "purchase_order_number": "0489025156",
        "quantity": 24,
        "quantity_unit_of_measure": "LB",
        "product_price": 1.8,
        "timestamp": "2020-07-29T16:26:13+00:00"
      },
      {
        "product": "RMB TONGUE S/T WM PP1",
        "purchase_order_number": "0489025156",
        "quantity": 21,
        "quantity_unit_of_measure": "LB",
        "product_price": 4.8,
        "timestamp": "2020-07-29T16:26:13+00:00"
      },
      {
        "product": "RMB TRIPAS MV WM",
        "purchase_order_number": "0489025156",
        "quantity": 45,
        "quantity_unit_of_measure": "LB",
        "product_price": 2.2,
        "timestamp": "2020-07-29T16:26:13+00:00"
      },
      {
        "product": "RMB HC TRIPE 2.5# WM PP1",
        "purchase_order_number": "0489025156",
        "quantity": 24,
        "quantity_unit_of_measure": "LB",
        "product_price": 3.0,
        "timestamp": "2020-07-29T16:26:13+00:00"
      },
      {
        "product": "RMB LIVER Slicd MV W-M PP",
        "purchase_order_number": "0489025156",
        "quantity": 56,
        "quantity_unit_of_measure": "LB",
        "product_price": 1.2,
        "timestamp": "2020-07-29T16:26:13+00:00"
      },
      {
        "product": "RMB CHEEKMEAT 2# Fs MV WM",
        "purchase_order_number": "0489025156",
        "quantity": 16,
        "quantity_unit_of_measure": "LB",
        "product_price": 3.0,
        "timestamp": "2020-07-29T16:26:13+00:00"
      },
      {
        "product": "RMB OXTAIL DeJoint WM PP1",
        "purchase_order_number": "0489025156",
        "quantity": 20,
        "quantity_unit_of_measure": "LB",
        "product_price": 7.9,
        "timestamp": "2020-07-29T16:26:13+00:00"
      },
      {
        "product": "RMB MARROW BONE MV W-M PP",
        "purchase_order_number": "0489025156",
        "quantity": 25,
        "quantity_unit_of_measure": "LB",
        "product_price": 2.9,
        "timestamp": "2020-07-29T16:26:13+00:00"
      },
      {
        "product": "SE BBCu Rb S/R RACK WM PP",
        "purchase_order_number": "0489025156",
        "quantity": 30,
        "quantity_unit_of_measure": "LB",
        "product_price": 2.0,
        "timestamp": "2020-07-29T16:26:13+00:00"
      },
      {
        "product": "SE BBCue Chx RIBLET WM PP",
        "purchase_order_number": "0489025156",
        "quantity": 40,
        "quantity_unit_of_measure": "LB",
        "product_price": 3.8,
        "timestamp": "2020-07-29T16:26:13+00:00"
      },
      {
        "product": "SE BRISKET W-Mart PP 5/Bx",
        "purchase_order_number": "0489025156",
        "quantity": 25,
        "quantity_unit_of_measure": "LB",
        "product_price": 1.8,
        "timestamp": "2020-07-29T16:26:13+00:00"
      },
      {
        "product": "SE INSIDE SKIRT VP WM-PP",
        "purchase_order_number": "0489025156",
        "quantity": 5,
        "quantity_unit_of_measure": "LB",
        "product_price": 2.2,
        "timestamp": "2020-07-29T16:26:13+00:00"
      }
    ],
    "date_order_expected": "2020-07-07",
    "date_order_close": "2020-07-21",
    "address_ship_from": {
      "street_address": "Universal Pure-Lnk",
      "address_line_2": "1601 Pioneers Blvd",
      "city": "Lincoln",
      "state": "NE",
      "zip_code": "68502"
    },
    "address_ship_to": {
      "street_address": "Walmart Grocery Whse 8851",
      "address_line_2": "4505 Highway 524",
      "city": "Cocoa",
      "state": "FL",
      "zip_code": "32922"
    }
  },
  "timestamp": "2020-07-29T16:26:13+00:00"
}