{
  "action": "SET_BOL",
  "purchase_order_number": "0489025156",
  "bol": {
    "purchase_order_number": "0489025156",
    "bol_id": "WO-111122",
    "buyer": "wmt",
    "supplier": "cgl",
    "freight_forwarder": "jbh",
    "timestamp": "2020-08-04T02:26:13+00:00",
    "products": [
      {
        "product": "RMB TRIPE Scald 5# WM PP1",
        "purchase_order_number": "0489025156",
        "quantity": 20,
        "quantity_unit_of_measure": "LB",
        "timestamp": "2020-08-04T02:26:13+00:00"
      },
      {
        "product": "RMB TRIPE Scld 2.75#WMPP1",
        "purchase_order_number": "0489025156",
        "quantity": 24,
        "quantity_unit_of_measure": "LB",
        "timestamp": "2020-08-04T02:26:13+00:00"
      },
      {
        "product": "RMB TONGUE S/T WM PP1",
        "purchase_order_number": "0489025156",
        "quantity": 21,
        "quantity_unit_of_measure": "LB",
        "timestamp": "2020-08-04T02:26:13+00:00"
      },
      {
        "product": "RMB TRIPAS MV WM",
        "purchase_order_number": "0489025156",
        "quantity": 45,
        "quantity_unit_of_measure": "LB",
        "timestamp": "2020-08-04T02:26:13+00:00"
      },
      {
        "product": "RMB HC TRIPE 2.5# WM PP1",
        "purchase_order_number": "0489025156",
        "quantity": 24,
        "quantity_unit_of_measure": "LB",
        "timestamp": "2020-08-04T02:26:13+00:00"
      },
      {
        "product": "RMB LIVER Slicd MV W-M PP",
        "purchase_order_number": "0489025156",
        "quantity": 56,
        "quantity_unit_of_measure": "LB",
        "timestamp": "2020-08-04T02:26:13+00:00"
      },
      {
        "product": "RMB CHEEKMEAT 2# Fs MV WM",
        "purchase_order_number": "0489025156",
        "quantity": 16,
        "quantity_unit_of_measure": "LB",
        "timestamp": "2020-08-04T02:26:13+00:00"
      },
      {
        "product": "RMB OXTAIL DeJoint WM PP1",
        "purchase_order_number": "0489025156",
        "quantity": 20,
        "quantity_unit_of_measure": "LB",
        "timestamp": "2020-08-04T02:26:13+00:00"
      },
      {
        "product": "RMB MARROW BONE MV W-M PP",
        "purchase_order_number": "0489025156",
        "quantity": 25,
        "quantity_unit_of_measure": "LB",
        "timestamp": "2020-08-04T02:26:13+00:00"
      },
      {
        "product": "SE BBCu Rb S/R RACK WM PP",
        "purchase_order_number": "0489025156",
        "quantity": 30,
        "quantity_unit_of_measure": "LB",
        "timestamp": "2020-08-04T02:26:13+00:00"
      },
      {
        "product": "SE BBCue Chx RIBLET WM PP",
        "purchase_order_number": "0489025156",
        "quantity": 40,
        "quantity_unit_of_measure": "LB",
        "timestamp": "2020-08-04T02:26:13+00:00"
      },
      {
        "product": "SE BRISKET W-Mart PP 5/Bx",
        "purchase_order_number": "0489025156",
        "quantity": 25,
        "quantity_unit_of_measure": "LB",
        "timestamp": "2020-08-04T02:26:13+00:00"
      },
      {
        "product": "SE INSIDE SKIRT VP WM-PP",
        "purchase_order_number": "0489025156",
        "quantity": 5,
        "quantity_unit_of_measure": "LB",
        "timestamp": "2020-08-04T02:26:13+00:00"
      }
    ],
    "trailer": {
      "id": "953958",
      "loaded_by": "supplier",
      "counted_by": "carrier"
    },
    "seals": [
      {
        "seal_number": "823423",
        "seal_status": "Intact"
      }
    ],
    "date_order_shipped": "2020-07-05",
    "date_order_delivered": "2020-07-07",
    "address_ship_from": {
      "street_address": "Universal Pure-Lnk",
      "address_line_2": "1601 Pioneers Blvd",
      "city": "Lincoln",
      "state": "NE",
      "zip_code": "68502"
    },
    "address_ship_to": {
      "street_address": "Walmart Grocery Whse 8851",
      "address_line_2": "4505 Highway 524",
      "city": "Cocoa",
      "state": "7/5/2020",
      "zip_code": "32922"
    },
    "freight_terms": "TBD",
    "carrier_name": "J.B. Hunt",
    "supplier_signature": "n/a",
    "carrier_signature": "n/a",
    "carrier_standard_carrier_alpha_code": "ABCD"
  },
  "timestamp": "2020-08-04T02:26:13+00:00"
}