{
  "action": "SUBMIT_RECEIPT",
  "purchase_order_number": "0487757580",
  "receipt": {
    "purchase_order_number": "0487757580",
    "timestamp": "2020-08-06T15:26:13+00:00",
    "buyer": "Walmart",
    "supplier": "Cargill",
    "products": [
      {
        "product": "Sam AnSeaPty80/20 5.3zRd",
        "purchase_order_number": "0487757580",
        "quantity": 850,
        "quantity_unit_of_measure": "LB",
        "timestamp": "2020-08-06T15:26:13+00:00"
      },
      {
        "product": "Sam SirPty 85/15 5.3z Rd",
        "purchase_order_number": "0487757580",
        "quantity": 200,
        "quantity_unit_of_measure": "LB",
        "timestamp": "2020-08-06T15:26:13+00:00"
      }
    ],
    "date_order_received": "2020-07-02"
  },
  "timestamp": "2020-08-06T15:26:13+00:00"
}