{
  "action": "SUBMIT_INVOICE",
  "purchase_order_number": "0483831934",
  "invoice": {
    "invoice_number": "25643411",
    "purchase_order_number": "0483831934",
    "timestamp": "2020-07-30T12:26:13+00:00",
    "buyer": "Walmart",
    "supplier": "Cargill",
    "products": [
      {
        "product": "HSW Fh 85% Grd Tky Chub 12/1",
        "purchase_order_number": "0483831934",
        "quantity": 120,
        "quantity_unit_of_measure": "LB",
        "product_price": 24.0,
        "timestamp": "2020-07-30T12:26:13+00:00"
      },
      {
        "product": "HSW Fh 85 Gr Tky Dry Ex Wt 6/3",
        "purchase_order_number": "0483831934",
        "quantity": 256,
        "quantity_unit_of_measure": "LB",
        "product_price": 40.0,
        "timestamp": "2020-07-30T12:26:13+00:00"
      },
      {
        "product": "HSW Fh Wings 6/3 Tray",
        "purchase_order_number": "0483831934",
        "quantity": 24,
        "quantity_unit_of_measure": "LB",
        "product_price": 1.2,
        "timestamp": "2020-07-30T12:26:13+00:00"
      },
      {
        "product": "HSW Fh Tky Drumsticks 6/2 Tray",
        "purchase_order_number": "0483831934",
        "quantity": 56,
        "quantity_unit_of_measure": "LB",
        "product_price": 1.8,
        "timestamp": "2020-07-30T12:26:13+00:00"
      },
      {
        "product": "HSW Fh 93 GrTky Dry ExWt 6/1.2",
        "purchase_order_number": "0483831934",
        "quantity": 130,
        "quantity_unit_of_measure": "LB",
        "product_price": 14.4,
        "timestamp": "2020-07-30T12:26:13+00:00"
      },
      {
        "product": "HSW Fh 85/15 GrTky ExWt 6/1.25",
        "purchase_order_number": "0483831934",
        "quantity": 320,
        "quantity_unit_of_measure": "LB",
        "product_price": 18.3,
        "timestamp": "2020-07-30T12:26:13+00:00"
      },
      {
        "product": "HSW Fh Gr WhtDry Ex Wt 6/1.25#",
        "purchase_order_number": "0483831934",
        "quantity": 160,
        "quantity_unit_of_measure": "LB",
        "product_price": 22.1,
        "timestamp": "2020-07-30T12:26:13+00:00"
      },
      {
        "product": "HSW Fh 85% Grd Tky Chub 3 lb.",
        "purchase_order_number": "0483831934",
        "quantity": 88,
        "quantity_unit_of_measure": "LB",
        "product_price": 28.5,
        "timestamp": "2020-07-30T12:26:13+00:00"
      },
      {
        "product": "HSW Fh 93% Grd Tky Fam PK 6/3#",
        "purchase_order_number": "0483831934",
        "quantity": 312,
        "quantity_unit_of_measure": "LB",
        "product_price": 35.2,
        "timestamp": "2020-07-30T12:26:13+00:00"
      },
      {
        "product": "HSW Fh 90% Grd Tky Chub 12/1",
        "purchase_order_number": "0483831934",
        "quantity": 42,
        "quantity_unit_of_measure": "LB",
        "product_price": 26.3,
        "timestamp": "2020-07-30T12:26:13+00:00"
      }
    ]
  },
  "timestamp": "2020-07-30T12:26:13+00:00"
}