{
  "action": "PROPOSE_PURCHASE_ORDER",
  "purchase_order_number": "0483831934",
  "purchase_order": {
    "purchase_order_number": "0483831934",
    "buyer": "wmt",
    "supplier": "cgl",
    "timestamp": "2020-07-29T04:26:13+00:00",
    "products": [
      {
        "product": "HSW Fh 85% Grd Tky Chub 12/1",
        "purchase_order_number": "0483831934",
        "quantity": 120,
        "quantity_unit_of_measure": "LB",
        "product_price": 24.0,
        "timestamp": "2020-07-29T04:26:13+00:00"
      },
      {
        "product": "HSW Fh 85 Gr Tky Dry Ex Wt 6/3",
        "purchase_order_number": "0483831934",
        "quantity": 256,
        "quantity_unit_of_measure": "LB",
        "product_price": 40.0,
        "timestamp": "2020-07-29T04:26:13+00:00"
      },
      {
        "product": "HSW Fh Wings 6/3 Tray",
        "purchase_order_number": "0483831934",
        "quantity": 24,
        "quantity_unit_of_measure": "LB",
        "product_price": 1.2,
        "timestamp": "2020-07-29T04:26:13+00:00"
      },
      {
        "product": "HSW Fh Tky Drumsticks 6/2 Tray",
        "purchase_order_number": "0483831934",
        "quantity": 56,
        "quantity_unit_of_measure": "LB",
        "product_price": 1.8,
        "timestamp": "2020-07-29T04:26:13+00:00"
      },
      {
        "product": "HSW Fh 93 GrTky Dry ExWt 6/1.2",
        "purchase_order_number": "0483831934",
        "quantity": 130,
        "quantity_unit_of_measure": "LB",
        "product_price": 14.4,
        "timestamp": "2020-07-29T04:26:13+00:00"
      },
      {
        "product": "HSW Fh 85/15 GrTky ExWt 6/1.25",
        "purchase_order_number": "0483831934",
        "quantity": 320,
        "quantity_unit_of_measure": "LB",
        "product_price": 18.3,
        "timestamp": "2020-07-29T04:26:13+00:00"
      },
      {
        "product": "HSW Fh Gr WhtDry Ex Wt 6/1.25#",
        "purchase_order_number": "0483831934",
        "quantity": 160,
        "quantity_unit_of_measure": "LB",
        "product_price": 22.1,
        "timestamp": "2020-07-29T04:26:13+00:00"
      },
      {
        "product": "HSW Fh 85% Grd Tky Chub 3 lb.",
        "purchase_order_number": "0483831934",
        "quantity": 88,
        "quantity_unit_of_measure": "LB",
        "product_price": 28.5,
        "timestamp": "2020-07-29T04:26:13+00:00"
      },
      {
        "product": "HSW Fh 93% Grd Tky Fam PK 6/3#",
        "purchase_order_number": "0483831934",
        "quantity": 312,
        "quantity_unit_of_measure": "LB",
        "product_price": 35.2,
        "timestamp": "2020-07-29T04:26:13+00:00"
      },
      {
        "product": "HSW Fh 90% Grd Tky Chub 12/1",
        "purchase_order_number": "0483831934",
        "quantity": 42,
        "quantity_unit_of_measure": "LB",
        "product_price": 26.3,
        "timestamp": "2020-07-29T04:26:13+00:00"
      }
    ],
    "date_order_expected": "2020-06-11",
    "date_order_close": "2020-06-25",
    "address_ship_from": {
      "street_address": "Universal Pure-Lnk",
      "address_line_2": "1601 Pioneers Blvd",
      "city": "Lincoln",
      "state": "NE",
      "zip_code": "68502"
    },
    "address_ship_to": {
      "street_address": "WALMART 7055 GAS CITY",
      "address_line_2": "100 Fisher Pkwy",
      "city": "Gas City",
      "state": "IN",
      "zip_code": "46933"
    }
  },
  "timestamp": "2020-07-29T04:26:13+00:00"
}