{
  "action": "SET_BOL",
  "purchase_order_number": "0483831934",
  "bol": {
    "purchase_order_number": "0483831934",
    "bol_id": "WO-121314",
    "buyer": "wmt",
    "supplier": "cgl",
    "freight_forwarder": "jbh",
    "timestamp": "2020-08-02T08:26:13+00:00",
    "products": [
      {
        "product": "HSW Fh 85% Grd Tky Chub 12/1",
        "purchase_order_number": "0483831934",
        "quantity": 120,
        "quantity_unit_of_measure": "LB",
        "timestamp": "2020-08-02T08:26:13+00:00"
      },
      {
        "product": "HSW Fh 85 Gr Tky Dry Ex Wt 6/3",
        "purchase_order_number": "0483831934",
        "quantity": 256,
        "quantity_unit_of_measure": "LB",
        "timestamp": "2020-08-02T08:26:13+00:00"
      },
      {
        "product": "HSW Fh Wings 6/3 Tray",
        "purchase_order_number": "0483831934",
        "quantity": 24,
        "quantity_unit_of_measure": "LB",
        "timestamp": "2020-08-02T08:26:13+00:00"
      },
      {
        "product": "HSW Fh Tky Drumsticks 6/2 Tray",
        "purchase_order_number": "0483831934",
        "quantity": 56,
        "quantity_unit_of_measure": "LB",
        "timestamp": "2020-08-02T08:26:13+00:00"
      },
      {
        "product": "HSW Fh 93 GrTky Dry ExWt 6/1.2",
        "purchase_order_number": "0483831934",
        "quantity": 130,
        "quantity_unit_of_measure": "LB",
        "timestamp": "2020-08-02T08:26:13+00:00"
      },
      {
        "product": "HSW Fh 85/15 GrTky ExWt 6/1.25",
        "purchase_order_number": "0483831934",
        "quantity": 320,
        "quantity_unit_of_measure": "LB",
        "timestamp": "2020-08-02T08:26:13+00:00"
      },
      {
        "product": "HSW Fh Gr WhtDry Ex Wt 6/1.25#",
        "purchase_order_number": "0483831934",
        "quantity": 160,
        "quantity_unit_of_measure": "LB",
        "timestamp": "2020-08-02T08:26:13+00:00"
      },
      {
        "product": "HSW Fh 85% Grd Tky Chub 3 lb.",
        "purchase_order_number": "0483831934",
        "quantity": 88,
        "quantity_unit_of_measure": "LB",
        "timestamp": "2020-08-02T08:26:13+00:00"
      },
      {
        "product": "HSW Fh 93% Grd Tky Fam PK 6/3#",
        "purchase_order_number": "0483831934",
        "quantity": 312,
        "quantity_unit_of_measure": "LB",
        "timestamp": "2020-08-02T08:26:13+00:00"
      },
      {
        "product": "HSW Fh 90% Grd Tky Chub 12/1",
        "purchase_order_number": "0483831934",
        "quantity": 42,
        "quantity_unit_of_measure": "LB",
        "timestamp": "2020-08-02T08:26:13+00:00"
      }
    ],
    "trailer": {
      "id": "394824",
      "loaded_by": "supplier",
      "counted_by": "carrier"
    },
    "seals": [
      {
        "seal_number": "554554",
        "seal_status": "Intact"
      }
    ],
    "date_order_shipped": "2020-06-08",
    "date_order_delivered": "2020-06-11",
    "address_ship_from": {
      "street_address": "Universal Pure-Lnk",
      "address_line_2": "1601 Pioneers Blvd",
      "city": "Lincoln",
      "state": "NE",
      "zip_code": "68502"
    },
    "address_ship_to": {
      "street_address": "WALMART 7055 GAS CITY",
      "address_line_2": "100 Fisher Pkwy",
      "city": "Gas City",
      "state": "6/8/2020",
      "zip_code": "46933"
    },
    "freight_terms": "TBD",
    "carrier_name": "J.B. Hunt",
    "supplier_signature": "n/a",
    "carrier_signature": "n/a",
    "carrier_standard_carrier_alpha_code": "ABCD"
  },
  "timestamp": "2020-08-02T08:26:13+00:00"
}