{
  "action": "SET_RECEIPT",
  "purchase_order_number": "0483831934",
  "receipt": {
    "purchase_order_number": "0483831934",
    "timestamp": "2020-08-06T06:26:13+00:00",
    "buyer": "Walmart",
    "supplier": "Cargill",
    "products": [
      {
        "product": "HSW Fh 85% Grd Tky Chub 12/1",
        "purchase_order_number": "0483831934",
        "quantity": 120,
        "quantity_unit_of_measure": "LB",
        "timestamp": "2020-08-06T06:26:13+00:00"
      },
      {
        "product": "HSW Fh 85 Gr Tky Dry Ex Wt 6/3",
        "purchase_order_number": "0483831934",
        "quantity": 256,
        "quantity_unit_of_measure": "LB",
        "timestamp": "2020-08-06T06:26:13+00:00"
      },
      {
        "product": "HSW Fh Wings 6/3 Tray",
        "purchase_order_number": "0483831934",
        "quantity": 24,
        "quantity_unit_of_measure": "LB",
        "timestamp": "2020-08-06T06:26:13+00:00"
      },
      {
        "product": "HSW Fh Tky Drumsticks 6/2 Tray",
        "purchase_order_number": "0483831934",
        "quantity": 56,
        "quantity_unit_of_measure": "LB",
        "timestamp": "2020-08-06T06:26:13+00:00"
      },
      {
        "product": "HSW Fh 93 GrTky Dry ExWt 6/1.2",
        "purchase_order_number": "0483831934",
        "quantity": 130,
        "quantity_unit_of_measure": "LB",
        "timestamp": "2020-08-06T06:26:13+00:00"
      },
      {
        "product": "HSW Fh 85/15 GrTky ExWt 6/1.25",
        "purchase_order_number": "0483831934",
        "quantity": 320,
        "quantity_unit_of_measure": "LB",
        "timestamp": "2020-08-06T06:26:13+00:00"
      },
      {
        "product": "HSW Fh Gr WhtDry Ex Wt 6/1.25#",
        "purchase_order_number": "0483831934",
        "quantity": 160,
        "quantity_unit_of_measure": "LB",
        "timestamp": "2020-08-06T06:26:13+00:00"
      },
      {
        "product": "HSW Fh 85% Grd Tky Chub 3 lb.",
        "purchase_order_number": "0483831934",
        "quantity": 88,
        "quantity_unit_of_measure": "LB",
        "timestamp": "2020-08-06T06:26:13+00:00"
      },
      {
        "product": "HSW Fh 93% Grd Tky Fam PK 6/3#",
        "purchase_order_number": "0483831934",
        "quantity": 312,
        "quantity_unit_of_measure": "LB",
        "timestamp": "2020-08-06T06:26:13+00:00"
      },
      {
        "product": "HSW Fh 90% Grd Tky Chub 12/1",
        "purchase_order_number": "0483831934",
        "quantity": 42,
        "quantity_unit_of_measure": "LB",
        "timestamp": "2020-08-06T06:26:13+00:00"
      }
    ],
    "date_order_received": "2020-06-11"
  },
  "timestamp": "2020-08-06T06:26:13+00:00"
}