{
  "action": "PROPOSE_PURCHASE_ORDER",
  "purchase_order_number": "0480948407",
  "purchase_order": {
    "purchase_order_number": "0480948407",
    "buyer": "wmt",
    "supplier": "cgl",
    "timestamp": "2020-07-28T22:26:13+00:00",
    "products": [
      {
        "product": "PD Fh HS Tky Brst 4pk",
        "purchase_order_number": "0480948407",
        "quantity": 60,
        "quantity_unit_of_measure": "LB",
        "product_price": 5.6,
        "timestamp": "2020-07-28T22:26:13+00:00"
      },
      {
        "product": "PD Fh Reduced Sodium Turkey",
        "purchase_order_number": "0480948407",
        "quantity": 36,
        "quantity_unit_of_measure": "LB",
        "product_price": 4.3,
        "timestamp": "2020-07-28T22:26:13+00:00"
      },
      {
        "product": "PD Fh OR Maple Hny Tky Brst",
        "purchase_order_number": "0480948407",
        "quantity": 30,
        "quantity_unit_of_measure": "LB",
        "product_price": 3.8,
        "timestamp": "2020-07-28T22:26:13+00:00"
      },
      {
        "product": "PD Fh O/R Pepper Tky Brst",
        "purchase_order_number": "0480948407",
        "quantity": 50,
        "quantity_unit_of_measure": "LB",
        "product_price": 2.5,
        "timestamp": "2020-07-28T22:26:13+00:00"
      },
      {
        "product": "PD Fh Caj Style Tky Brst",
        "purchase_order_number": "0480948407",
        "quantity": 40,
        "quantity_unit_of_measure": "LB",
        "product_price": 4.9,
        "timestamp": "2020-07-28T22:26:13+00:00"
      }
    ],
    "date_order_expected": "2020-06-07",
    "date_order_close": "2020-06-22",
    "address_ship_from": {
      "street_address": "Universal Pure-Lnk",
      "address_line_2": "1601 Pioneers Blvd",
      "city": "Lincoln",
      "state": "NE",
      "zip_code": "68502"
    },
    "address_ship_to": {
      "street_address": "SYSCO ALASKA PS&L",
      "address_line_2": "1039 Valley Ave NW",
      "city": "North Platte",
      "state": "NE",
      "zip_code": "69101"
    }
  },
  "timestamp": "2020-07-28T22:26:13+00:00"
}