{
  "action": "SET_BOL",
  "purchase_order_number": "0480948407",
  "bol": {
    "purchase_order_number": "0480948407",
    "bol_id": "WO-536347",
    "buyer": "wmt",
    "supplier": "cgl",
    "freight_forwarder": "jbh",
    "timestamp": "2020-08-01T11:26:13+00:00",
    "products": [
      {
        "product": "PD Fh HS Tky Brst 4pk",
        "purchase_order_number": "0480948407",
        "quantity": 60,
        "quantity_unit_of_measure": "LB",
        "timestamp": "2020-08-01T11:26:13+00:00"
      },
      {
        "product": "PD Fh Reduced Sodium Turkey",
        "purchase_order_number": "0480948407",
        "quantity": 36,
        "quantity_unit_of_measure": "LB",
        "timestamp": "2020-08-01T11:26:13+00:00"
      },
      {
        "product": "PD Fh OR Maple Hny Tky Brst",
        "purchase_order_number": "0480948407",
        "quantity": 30,
        "quantity_unit_of_measure": "LB",
        "timestamp": "2020-08-01T11:26:13+00:00"
      },
      {
        "product": "PD Fh O/R Pepper Tky Brst",
        "purchase_order_number": "0480948407",
        "quantity": 50,
        "quantity_unit_of_measure": "LB",
        "timestamp": "2020-08-01T11:26:13+00:00"
      },
      {
        "product": "PD Fh Caj Style Tky Brst",
        "purchase_order_number": "0480948407",
        "quantity": 40,
        "quantity_unit_of_measure": "LB",
        "timestamp": "2020-08-01T11:26:13+00:00"
      }
    ],
    "trailer": {
      "id": "N03690599",
      "loaded_by": "supplier",
      "counted_by": "carrier"
    },
    "seals": [
      {
        "seal_number": "0724885",
        "seal_status": "Intact"
      }
    ],
    "date_order_shipped": "2020-06-06",
    "date_order_delivered": "2020-06-07",
    "address_ship_from": {
      "street_address": "Universal Pure-Lnk",
      "address_line_2": "1601 Pioneers Blvd",
      "city": "Lincoln",
      "state": "NE",
      "zip_code": "68502"
    },
    "address_ship_to": {
      "street_address": "SYSCO ALASKA PS&L",
      "address_line_2": "1039 Valley Ave NW",
      "city": "North Platte",
      "state": "6/6/2020",
      "zip_code": "69101"
    },
    "freight_terms": "TBD",
    "carrier_name": "J.B. Hunt",
    "supplier_signature": "n/a",
    "carrier_signature": "n/a",
    "carrier_standard_carrier_alpha_code": "ABCD"
  },
  "timestamp": "2020-08-01T11:26:13+00:00"
}