{
  "action": "SET_RECEIPT",
  "purchase_order_number": "0480948407",
  "receipt": {
    "purchase_order_number": "0480948407",
    "timestamp": "2020-08-06T03:26:13+00:00",
    "buyer": "Walmart",
    "supplier": "Cargill",
    "products": [
      {
        "product": "PD Fh HS Tky Brst 4pk",
        "purchase_order_number": "0480948407",
        "quantity": 60,
        "quantity_unit_of_measure": "LB",
        "timestamp": "2020-08-06T03:26:13+00:00"
      },
      {
        "product": "PD Fh Reduced Sodium Turkey",
        "purchase_order_number": "0480948407",
        "quantity": 15,
        "quantity_unit_of_measure": "LB",
        "timestamp": "2020-08-06T03:26:13+00:00"
      },
      {
        "product": "PD Fh OR Maple Hny Tky Brst",
        "purchase_order_number": "0480948407",
        "quantity": 30,
        "quantity_unit_of_measure": "LB",
        "timestamp": "2020-08-06T03:26:13+00:00"
      },
      {
        "product": "PD Fh O/R Pepper Tky Brst",
        "purchase_order_number": "0480948407",
        "quantity": 50,
        "quantity_unit_of_measure": "LB",
        "timestamp": "2020-08-06T03:26:13+00:00"
      },
      {
        "product": "PD Fh Caj Style Tky Brst",
        "purchase_order_number": "0480948407",
        "quantity": 40,
        "quantity_unit_of_measure": "LB",
        "timestamp": "2020-08-06T03:26:13+00:00"
      }
    ],
    "date_order_received": "2020-06-07"
  },
  "timestamp": "2020-08-06T03:26:13+00:00"
}