{
  "action": "UPDATE_INVOICE",
  "purchase_order_number": "0480948407",
  "invoice": {
    "invoice_number": "25642839",
    "purchase_order_number": "0480948407",
    "timestamp": "2020-08-06T21:26:13+00:00",
    "buyer": "Walmart",
    "supplier": "Cargill",
    "products": [
      {
        "product": "PD Fh HS Tky Brst 4pk",
        "purchase_order_number": "0480948407",
        "quantity": 60,
        "quantity_unit_of_measure": "LB",
        "product_price": 5.6,
        "timestamp": "2020-07-30T23:26:13+00:00"
      },
      {
        "product": "PD Fh Reduced Sodium Turkey",
        "purchase_order_number": "0480948407",
        "quantity": 15,
        "quantity_unit_of_measure": "LB",
        "product_price": 4.3,
        "timestamp": "2020-07-30T23:26:13+00:00"
      },
      {
        "product": "PD Fh OR Maple Hny Tky Brst",
        "purchase_order_number": "0480948407",
        "quantity": 30,
        "quantity_unit_of_measure": "LB",
        "product_price": 3.8,
        "timestamp": "2020-07-30T23:26:13+00:00"
      },
      {
        "product": "PD Fh O/R Pepper Tky Brst",
        "purchase_order_number": "0480948407",
        "quantity": 50,
        "quantity_unit_of_measure": "LB",
        "product_price": 2.5,
        "timestamp": "2020-07-30T23:26:13+00:00"
      },
      {
        "product": "PD Fh Caj Style Tky Brst",
        "purchase_order_number": "0480948407",
        "quantity": 40,
        "quantity_unit_of_measure": "LB",
        "product_price": 4.9,
        "timestamp": "2020-07-30T23:26:13+00:00"
      }
    ]
  },
  "timestamp": "2020-08-06T21:26:13+00:00"
}