{
  "action": "SUBMIT_RECEIPT",
  "purchase_order_number": "0486519901",
  "receipt": {
    "purchase_order_number": "0486519901",
    "timestamp": "2020-08-06T07:26:13+00:00",
    "buyer": "Walmart",
    "supplier": "Cargill",
    "products": [
      {
        "product": "HSW Fh 85% Grd Tky Chub 12/1",
        "purchase_order_number": "0486519901",
        "quantity": 400,
        "quantity_unit_of_measure": "LB",
        "timestamp": "2020-08-06T07:26:13+00:00"
      },
      {
        "product": "HSW Fh 85 Gr Tky Dry Ex Wt 6/3",
        "purchase_order_number": "0486519901",
        "quantity": 20,
        "quantity_unit_of_measure": "LB",
        "timestamp": "2020-08-06T07:26:13+00:00"
      },
      {
        "product": "HSW Fh Tky Drumsticks 6/2 Tray",
        "purchase_order_number": "0486519901",
        "quantity": 4,
        "quantity_unit_of_measure": "LB",
        "timestamp": "2020-08-06T07:26:13+00:00"
      },
      {
        "product": "HSW Fh Necks 6/2 Tray",
        "purchase_order_number": "0486519901",
        "quantity": 1,
        "quantity_unit_of_measure": "LB",
        "timestamp": "2020-08-06T07:26:13+00:00"
      },
      {
        "product": "HSW Fh 93 GrTky Dry ExWt 6/1.2",
        "purchase_order_number": "0486519901",
        "quantity": 130,
        "quantity_unit_of_measure": "LB",
        "timestamp": "2020-08-06T07:26:13+00:00"
      },
      {
        "product": "HSW Fh 85/15 GrTky ExWt 6/1.25",
        "purchase_order_number": "0486519901",
        "quantity": 240,
        "quantity_unit_of_measure": "LB",
        "timestamp": "2020-08-06T07:26:13+00:00"
      },
      {
        "product": "HSW Fh Gr WhtDry Ex Wt 6/1.25#",
        "purchase_order_number": "0486519901",
        "quantity": 80,
        "quantity_unit_of_measure": "LB",
        "timestamp": "2020-08-06T07:26:13+00:00"
      },
      {
        "product": "HSW Fh 85% Grd Tky Chub 3 lb.",
        "purchase_order_number": "0486519901",
        "quantity": 96,
        "quantity_unit_of_measure": "LB",
        "timestamp": "2020-08-06T07:26:13+00:00"
      },
      {
        "product": "HSW Fh 93% Grd Tky Fam PK 6/3#",
        "purchase_order_number": "0486519901",
        "quantity": 196,
        "quantity_unit_of_measure": "LB",
        "timestamp": "2020-08-06T07:26:13+00:00"
      },
      {
        "product": "HON Fh Gr Brst Ex Wt 6/1.0",
        "purchase_order_number": "0486519901",
        "quantity": 90,
        "quantity_unit_of_measure": "LB",
        "timestamp": "2020-08-06T07:26:13+00:00"
      },
      {
        "product": "HON Fh 93 GrTky ExWt 6/1",
        "purchase_order_number": "0486519901",
        "quantity": 90,
        "quantity_unit_of_measure": "LB",
        "timestamp": "2020-08-06T07:26:13+00:00"
      },
      {
        "product": "HSW Fh 90% Grd Tky Chub 12/1",
        "purchase_order_number": "0486519901",
        "quantity": 28,
        "quantity_unit_of_measure": "LB",
        "timestamp": "2020-08-06T07:26:13+00:00"
      },
      {
        "product": "HSW Fh 93% Grd Tky Chub 12/1",
        "purchase_order_number": "0486519901",
        "quantity": 28,
        "quantity_unit_of_measure": "LB",
        "timestamp": "2020-08-06T07:26:13+00:00"
      },
      {
        "product": "HSW DC Sklt Kit Ccnt Curry",
        "purchase_order_number": "0486519901",
        "quantity": 52,
        "quantity_unit_of_measure": "LB",
        "timestamp": "2020-08-06T07:26:13+00:00"
      },
      {
        "product": "HSW DC Sklt Kit TomGarBasl",
        "purchase_order_number": "0486519901",
        "quantity": 26,
        "quantity_unit_of_measure": "LB",
        "timestamp": "2020-08-06T07:26:13+00:00"
      },
      {
        "product": "HSW Fh Tky Tndrln Rotis Mrntd",
        "purchase_order_number": "0486519901",
        "quantity": 3,
        "quantity_unit_of_measure": "LB",
        "timestamp": "2020-08-06T07:26:13+00:00"
      }
    ],
    "date_order_received": "2020-06-23"
  },
  "timestamp": "2020-08-06T07:26:13+00:00"
}