{
  "action": "SUBMIT_RECEIPT",
  "purchase_order_number": "00983120",
  "receipt": {
    "purchase_order_number": "00983120",
    "timestamp": "2020-08-06T02:26:13+00:00",
    "buyer": "Sysco",
    "supplier": "Cargill",
    "products": [
      {
        "product": "TNT AnSeaPty 75/25 8z Hst",
        "purchase_order_number": "00983120",
        "quantity": 44,
        "quantity_unit_of_measure": "LB",
        "timestamp": "2020-08-06T02:26:13+00:00"
      },
      {
        "product": "TNT Sea Pty 75/25 F03003",
        "purchase_order_number": "00983120",
        "quantity": 40,
        "quantity_unit_of_measure": "LB",
        "timestamp": "2020-08-06T02:26:13+00:00"
      }
    ],
    "date_order_received": "2020-06-04"
  },
  "timestamp": "2020-08-06T02:26:13+00:00"
}