{
  "action": "PROPOSE_BOL",
  "purchase_order_number": "00983120",
  "bol": {
    "purchase_order_number": "00983120",
    "bol_id": "WO-333889",
    "buyer": "syy",
    "supplier": "cgl",
    "freight_forwarder": "jbh",
    "timestamp": "2020-08-01T04:26:13+00:00",
    "products": [
      {
        "product": "TNT AnSeaPty 75/25 8z Hst",
        "purchase_order_number": "00983120",
        "quantity": 84,
        "quantity_unit_of_measure": "LB",
        "timestamp": "2020-08-01T04:26:13+00:00"
      },
      {
        "product": "TNT Sea Pty 75/25 F03003",
        "purchase_order_number": "00983120",
        "quantity": 40,
        "quantity_unit_of_measure": "LB",
        "timestamp": "2020-08-01T04:26:13+00:00"
      }
    ],
    "trailer": {
      "id": "382746",
      "loaded_by": "supplier",
      "counted_by": "carrier"
    },
    "seals": [
      {
        "seal_number": "404948",
        "seal_status": "Intact"
      }
    ],
    "date_order_shipped": "2020-06-01",
    "date_order_delivered": "2020-06-04",
    "address_ship_from": {
      "street_address": "Universal Pure-Lnk",
      "address_line_2": "1601 Pioneers Blvd",
      "city": "Lincoln",
      "state": "NE",
      "zip_code": "68502"
    },
    "address_ship_to": {
      "street_address": "SYSCO ALASKA PS&L",
      "address_line_2": "1039 Valley Ave NW",
      "city": "Puyallup",
      "state": "6/1/2020",
      "zip_code": "98371"
    },
    "freight_terms": "TBD",
    "carrier_name": "J.B. Hunt",
    "supplier_signature": "n/a",
    "carrier_signature": "n/a",
    "carrier_standard_carrier_alpha_code": "ABCD"
  },
  "timestamp": "2020-08-01T04:26:13+00:00"
}