{
  "action": "SUBMIT_INVOICE",
  "purchase_order_number": "00991470",
  "invoice": {
    "invoice_number": "25647499",
    "purchase_order_number": "00991470",
    "timestamp": "2020-07-30T06:26:13+00:00",
    "buyer": "Sysco",
    "supplier": "Cargill",
    "products": [
      {
        "product": "HP Ch Cld Pt Rst 0%",
        "purchase_order_number": "00991470",
        "quantity": 149,
        "quantity_unit_of_measure": "LB",
        "product_price": 7.8,
        "timestamp": "2020-07-30T06:26:13+00:00"
      },
      {
        "product": "HP Low Sod Sld Rst Beef",
        "purchase_order_number": "00991470",
        "quantity": 120,
        "quantity_unit_of_measure": "LB",
        "product_price": 3.4,
        "timestamp": "2020-07-30T06:26:13+00:00"
      },
      {
        "product": "HP Fz RTC Chef Ready 2 Pk",
        "purchase_order_number": "00991470",
        "quantity": 72,
        "quantity_unit_of_measure": "LB",
        "product_price": 2.2,
        "timestamp": "2020-07-30T06:26:13+00:00"
      }
    ]
  },
  "timestamp": "2020-07-30T06:26:13+00:00"
}