{
  "action": "PROPOSE_PURCHASE_ORDER",
  "purchase_order_number": "00991470",
  "purchase_order": {
    "purchase_order_number": "00991470",
    "buyer": "syy",
    "supplier": "cgl",
    "timestamp": "2020-07-28T16:26:13+00:00",
    "products": [
      {
        "product": "HP Ch Cld Pt Rst 0%",
        "purchase_order_number": "00991470",
        "quantity": 149,
        "quantity_unit_of_measure": "LB",
        "product_price": 7.8,
        "timestamp": "2020-07-28T16:26:13+00:00"
      },
      {
        "product": "HP Low Sod Sld Rst Beef",
        "purchase_order_number": "00991470",
        "quantity": 120,
        "quantity_unit_of_measure": "LB",
        "product_price": 3.4,
        "timestamp": "2020-07-28T16:26:13+00:00"
      },
      {
        "product": "HP Fz RTC Chef Ready 2 Pk",
        "purchase_order_number": "00991470",
        "quantity": 72,
        "quantity_unit_of_measure": "LB",
        "product_price": 2.2,
        "timestamp": "2020-07-28T16:26:13+00:00"
      }
    ],
    "date_order_expected": "2020-06-24",
    "date_order_close": "2020-09-02",
    "address_ship_from": {
      "street_address": "Universal Pure-Lnk",
      "address_line_2": "1601 Pioneers Blvd",
      "city": "Lincoln",
      "state": "NE",
      "zip_code": "68502"
    },
    "address_ship_to": {
      "street_address": "SYSCO ALASKA PS&L",
      "address_line_2": "1039 Valley Ave NW",
      "city": "Puyallup",
      "state": "WA",
      "zip_code": "98370"
    }
  },
  "timestamp": "2020-07-28T16:26:13+00:00"
}