{
  "action": "PROPOSE_BOL",
  "purchase_order_number": "00991470",
  "bol": {
    "purchase_order_number": "00991470",
    "bol_id": "WO-537669",
    "buyer": "syy",
    "supplier": "cgl",
    "freight_forwarder": "jbh",
    "timestamp": "2020-07-31T14:26:13+00:00",
    "products": [
      {
        "product": "HP Ch Cld Pt Rst 0%",
        "purchase_order_number": "00991470",
        "quantity": 149,
        "quantity_unit_of_measure": "LB",
        "timestamp": "2020-07-31T14:26:13+00:00"
      },
      {
        "product": "HP Low Sod Sld Rst Beef",
        "purchase_order_number": "00991470",
        "quantity": 120,
        "quantity_unit_of_measure": "LB",
        "timestamp": "2020-07-31T14:26:13+00:00"
      },
      {
        "product": "HP Fz RTC Chef Ready 2 Pk",
        "purchase_order_number": "00991470",
        "quantity": 72,
        "quantity_unit_of_measure": "LB",
        "timestamp": "2020-07-31T14:26:13+00:00"
      }
    ],
    "trailer": {
      "id": "N03698324",
      "loaded_by": "supplier",
      "counted_by": "carrier"
    },
    "seals": [
      {
        "seal_number": "8737617",
        "seal_status": "Broken"
      }
    ],
    "date_order_shipped": "2020-06-19",
    "date_order_delivered": "2020-06-24",
    "address_ship_from": {
      "street_address": "Universal Pure-Lnk",
      "address_line_2": "1601 Pioneers Blvd",
      "city": "Lincoln",
      "state": "NE",
      "zip_code": "68502"
    },
    "address_ship_to": {
      "street_address": "SYSCO ALASKA PS&L",
      "address_line_2": "1039 Valley Ave NW",
      "city": "Puyallup",
      "state": "6/19/2020",
      "zip_code": "98370"
    },
    "freight_terms": "TBD",
    "carrier_name": "J.B. Hunt",
    "supplier_signature": "n/a",
    "carrier_signature": "n/a",
    "carrier_standard_carrier_alpha_code": "ABCD"
  },
  "timestamp": "2020-07-31T14:26:13+00:00"
}