{
  "action": "SUBMIT_RECEIPT",
  "purchase_order_number": "00991470",
  "receipt": {
    "purchase_order_number": "00991470",
    "timestamp": "2020-08-06T00:26:13+00:00",
    "buyer": "Sysco",
    "supplier": "Cargill",
    "products": [
      {
        "product": "HP Ch Cld Pt Rst 0%",
        "purchase_order_number": "00991470",
        "quantity": 149,
        "quantity_unit_of_measure": "LB",
        "timestamp": "2020-08-06T00:26:13+00:00"
      },
      {
        "product": "HP Low Sod Sld Rst Beef",
        "purchase_order_number": "00991470",
        "quantity": 120,
        "quantity_unit_of_measure": "LB",
        "timestamp": "2020-08-06T00:26:13+00:00"
      },
      {
        "product": "HP Fz RTC Chef Ready 2 Pk",
        "purchase_order_number": "00991470",
        "quantity": 16,
        "quantity_unit_of_measure": "LB",
        "timestamp": "2020-08-06T00:26:13+00:00"
      }
    ],
    "date_order_received": "2020-06-24"
  },
  "timestamp": "2020-08-06T00:26:13+00:00"
}