{
  "action": "SUBMIT_INVOICE",
  "purchase_order_number": "0482233182",
  "invoice": {
    "invoice_number": "29261491",
    "purchase_order_number": "0482233182",
    "timestamp": "2020-07-30T16:26:13+00:00",
    "buyer": "Walmart",
    "supplier": "Cargill",
    "products": [
      {
        "product": "GB NF 73 WM3 36",
        "purchase_order_number": "0482233182",
        "quantity": 420,
        "quantity_unit_of_measure": "LB",
        "product_price": 110.4,
        "timestamp": "2020-07-30T16:26:13+00:00"
      },
      {
        "product": "GB NF 73 WM5 40",
        "purchase_order_number": "0482233182",
        "quantity": 118,
        "quantity_unit_of_measure": "LB",
        "product_price": 98.6,
        "timestamp": "2020-07-30T16:26:13+00:00"
      },
      {
        "product": "GB NF 80Chk WM01 24",
        "purchase_order_number": "0482233182",
        "quantity": 112,
        "quantity_unit_of_measure": "LB",
        "product_price": 65.4,
        "timestamp": "2020-07-30T16:26:13+00:00"
      },
      {
        "product": "GB NF 73 WM01 24",
        "purchase_order_number": "0482233182",
        "quantity": 336,
        "quantity_unit_of_measure": "LB",
        "product_price": 78.9,
        "timestamp": "2020-07-30T16:26:13+00:00"
      },
      {
        "product": "GB NF 85 WM01 24",
        "purchase_order_number": "0482233182",
        "quantity": 24,
        "quantity_unit_of_measure": "LB",
        "product_price": 88.4,
        "timestamp": "2020-07-30T16:26:13+00:00"
      }
    ]
  },
  "timestamp": "2020-07-30T16:26:13+00:00"
}