{
  "action": "PROPOSE_PURCHASE_ORDER",
  "purchase_order_number": "0482233182",
  "purchase_order": {
    "purchase_order_number": "0482233182",
    "buyer": "wmt",
    "supplier": "cgl",
    "timestamp": "2020-07-29T12:26:13+00:00",
    "products": [
      {
        "product": "GB NF 73 WM3 36",
        "purchase_order_number": "0482233182",
        "quantity": 420,
        "quantity_unit_of_measure": "LB",
        "product_price": 110.4,
        "timestamp": "2020-07-29T12:26:13+00:00"
      },
      {
        "product": "GB NF 73 WM5 40",
        "purchase_order_number": "0482233182",
        "quantity": 118,
        "quantity_unit_of_measure": "LB",
        "product_price": 98.6,
        "timestamp": "2020-07-29T12:26:13+00:00"
      },
      {
        "product": "GB NF 80Chk WM01 24",
        "purchase_order_number": "0482233182",
        "quantity": 112,
        "quantity_unit_of_measure": "LB",
        "product_price": 65.4,
        "timestamp": "2020-07-29T12:26:13+00:00"
      },
      {
        "product": "GB NF 73 WM01 24",
        "purchase_order_number": "0482233182",
        "quantity": 336,
        "quantity_unit_of_measure": "LB",
        "product_price": 78.9,
        "timestamp": "2020-07-29T12:26:13+00:00"
      },
      {
        "product": "GB NF 85 WM01 24",
        "purchase_order_number": "0482233182",
        "quantity": 24,
        "quantity_unit_of_measure": "LB",
        "product_price": 88.4,
        "timestamp": "2020-07-29T12:26:13+00:00"
      }
    ],
    "date_order_expected": "2020-06-05",
    "date_order_close": "2020-06-21",
    "address_ship_from": {
      "street_address": "Universal Pure-Lnk",
      "address_line_2": "1601 Pioneers Blvd",
      "city": "Lincoln",
      "state": "NE",
      "zip_code": "68502"
    },
    "address_ship_to": {
      "street_address": "Walmart Grocery CHUB 6059",
      "address_line_2": "3801 E Us 50",
      "city": "Olney",
      "state": "IL",
      "zip_code": "62450"
    }
  },
  "timestamp": "2020-07-29T12:26:13+00:00"
}