{
  "action": "SET_BOL",
  "purchase_order_number": "0482233182",
  "bol": {
    "purchase_order_number": "0482233182",
    "bol_id": "WO-188802",
    "buyer": "wmt",
    "supplier": "cgl",
    "freight_forwarder": "jbh",
    "timestamp": "2020-08-03T12:26:13+00:00",
    "products": [
      {
        "product": "GB NF 73 WM3 36",
        "purchase_order_number": "0482233182",
        "quantity": 420,
        "quantity_unit_of_measure": "LB",
        "timestamp": "2020-08-03T12:26:13+00:00"
      },
      {
        "product": "GB NF 73 WM5 40",
        "purchase_order_number": "0482233182",
        "quantity": 118,
        "quantity_unit_of_measure": "LB",
        "timestamp": "2020-08-03T12:26:13+00:00"
      },
      {
        "product": "GB NF 80Chk WM01 24",
        "purchase_order_number": "0482233182",
        "quantity": 112,
        "quantity_unit_of_measure": "LB",
        "timestamp": "2020-08-03T12:26:13+00:00"
      },
      {
        "product": "GB NF 73 WM01 24",
        "purchase_order_number": "0482233182",
        "quantity": 336,
        "quantity_unit_of_measure": "LB",
        "timestamp": "2020-08-03T12:26:13+00:00"
      },
      {
        "product": "GB NF 85 WM01 24",
        "purchase_order_number": "0482233182",
        "quantity": 24,
        "quantity_unit_of_measure": "LB",
        "timestamp": "2020-08-03T12:26:13+00:00"
      }
    ],
    "trailer": {
      "id": "938593",
      "loaded_by": "supplier",
      "counted_by": "carrier"
    },
    "seals": [
      {
        "seal_number": "888832",
        "seal_status": "Intact"
      }
    ],
    "date_order_shipped": "2020-06-01",
    "date_order_delivered": "2020-06-05",
    "address_ship_from": {
      "street_address": "Universal Pure-Lnk",
      "address_line_2": "1601 Pioneers Blvd",
      "city": "Lincoln",
      "state": "NE",
      "zip_code": "68502"
    },
    "address_ship_to": {
      "street_address": "Walmart Grocery CHUB 6059",
      "address_line_2": "3801 E Us 50",
      "city": "Olney",
      "state": "6/1/2020",
      "zip_code": "62450"
    },
    "freight_terms": "TBD",
    "carrier_name": "J.B. Hunt",
    "supplier_signature": "n/a",
    "carrier_signature": "n/a",
    "carrier_standard_carrier_alpha_code": "ABCD"
  },
  "timestamp": "2020-08-03T12:26:13+00:00"
}