{
  "action": "SUBMIT_INVOICE",
  "purchase_order_number": "348745",
  "invoice": {
    "invoice_number": "558749",
    "purchase_order_number": "348745",
    "timestamp": "2020-07-30T10:26:13+00:00",
    "buyer": "Sysco",
    "supplier": "Cargill",
    "products": [
      {
        "product": "TNT Sea Pty 75/25 F03097",
        "purchase_order_number": "348745",
        "quantity": 250,
        "quantity_unit_of_measure": "LB",
        "product_price": 5.7,
        "timestamp": "2020-07-30T10:26:13+00:00"
      }
    ]
  },
  "timestamp": "2020-07-30T10:26:13+00:00"
}