{
  "action": "PROPOSE_PURCHASE_ORDER",
  "purchase_order_number": "348745",
  "purchase_order": {
    "purchase_order_number": "348745",
    "buyer": "syy",
    "supplier": "cgl",
    "timestamp": "2020-07-29T00:26:13+00:00",
    "products": [
      {
        "product": "TNT Sea Pty 75/25 F03097",
        "purchase_order_number": "348745",
        "quantity": 250,
        "quantity_unit_of_measure": "LB",
        "product_price": 5.7,
        "timestamp": "2020-07-29T00:26:13+00:00"
      }
    ],
    "date_order_expected": "2020-07-09",
    "date_order_close": "2020-09-19",
    "address_ship_from": {
      "street_address": "Universal Pure-Lnk",
      "address_line_2": "1601 Pioneers Blvd",
      "city": "Lincoln",
      "state": "NE",
      "zip_code": "68502"
    },
    "address_ship_to": {
      "street_address": "SYSCO-CAL HONO",
      "address_line_2": "634 S Mission Rd",
      "city": "Los Angeles",
      "state": "CA",
      "zip_code": "90023"
    }
  },
  "timestamp": "2020-07-29T00:26:13+00:00"
}