{
  "action": "SUBMIT_INVOICE",
  "purchase_order_number": "0480081516",
  "invoice": {
    "invoice_number": "555695",
    "purchase_order_number": "0480081516",
    "timestamp": "2020-07-30T20:26:13+00:00",
    "buyer": "Walmart",
    "supplier": "Cargill",
    "products": [
      {
        "product": "WM GB CHUB 85/15 1 LB FZ",
        "purchase_order_number": "0480081516",
        "quantity": 252,
        "quantity_unit_of_measure": "LB",
        "product_price": 55.0,
        "timestamp": "2020-07-30T20:26:13+00:00"
      },
      {
        "product": "WM GB CHUB 73/27 1LB FZ",
        "purchase_order_number": "0480081516",
        "quantity": 336,
        "quantity_unit_of_measure": "LB",
        "product_price": 44.2,
        "timestamp": "2020-07-30T20:26:13+00:00"
      }
    ]
  },
  "timestamp": "2020-07-30T20:26:13+00:00"
}