{
  "action": "PROPOSE_PURCHASE_ORDER",
  "purchase_order_number": "0480081516",
  "purchase_order": {
    "purchase_order_number": "0480081516",
    "buyer": "wmt",
    "supplier": "cgl",
    "timestamp": "2020-07-29T20:26:13+00:00",
    "products": [
      {
        "product": "WM GB CHUB 85/15 1 LB FZ",
        "purchase_order_number": "0480081516",
        "quantity": 252,
        "quantity_unit_of_measure": "LB",
        "product_price": 55.0,
        "timestamp": "2020-07-29T20:26:13+00:00"
      },
      {
        "product": "WM GB CHUB 73/27 1LB FZ",
        "purchase_order_number": "0480081516",
        "quantity": 336,
        "quantity_unit_of_measure": "LB",
        "product_price": 44.2,
        "timestamp": "2020-07-29T20:26:13+00:00"
      }
    ],
    "date_order_expected": "2020-06-02",
    "date_order_close": "2020-06-21",
    "address_ship_from": {
      "street_address": "Universal Pure-Lnk",
      "address_line_2": "1601 Pioneers Blvd",
      "city": "Lincoln",
      "state": "NE",
      "zip_code": "68502"
    },
    "address_ship_to": {
      "street_address": "WALMART DC 6057",
      "address_line_2": "45346 Parkway Blvd",
      "city": "Robert",
      "state": "LA",
      "zip_code": "70455"
    }
  },
  "timestamp": "2020-07-29T20:26:13+00:00"
}