{
  "action": "SET_RECEIPT",
  "purchase_order_number": "0480081516",
  "receipt": {
    "purchase_order_number": "0480081516",
    "timestamp": "2020-08-06T14:26:13+00:00",
    "buyer": "Walmart",
    "supplier": "Cargill",
    "products": [
      {
        "product": "WM GB CHUB 85/15 1 LB FZ",
        "purchase_order_number": "0480081516",
        "quantity": 252,
        "quantity_unit_of_measure": "LB",
        "timestamp": "2020-08-06T14:26:13+00:00"
      },
      {
        "product": "WM GB CHUB 73/27 1LB FZ",
        "purchase_order_number": "0480081516",
        "quantity": 336,
        "quantity_unit_of_measure": "LB",
        "timestamp": "2020-08-06T14:26:13+00:00"
      }
    ],
    "date_order_received": "2020-06-02"
  },
  "timestamp": "2020-08-06T14:26:13+00:00"
}