{
  "action": "SUBMIT_INVOICE",
  "purchase_order_number": "0474815337",
  "invoice": {
    "invoice_number": "25635448",
    "purchase_order_number": "0474815337",
    "timestamp": "2020-07-30T05:26:13+00:00",
    "buyer": "Walmart",
    "supplier": "Cargill",
    "products": [
      {
        "product": "HSW Fz Pp 9.5 Nt Tm 10-16",
        "purchase_order_number": "0474815337",
        "quantity": 768,
        "quantity_unit_of_measure": "LB",
        "product_price": 3.5,
        "timestamp": "2020-07-30T05:26:13+00:00"
      }
    ]
  },
  "timestamp": "2020-07-30T05:26:13+00:00"
}