{
  "action": "PROPOSE_PURCHASE_ORDER",
  "purchase_order_number": "0474815337",
  "purchase_order": {
    "purchase_order_number": "0474815337",
    "buyer": "wmt",
    "supplier": "cgl",
    "timestamp": "2020-07-28T14:26:13+00:00",
    "products": [
      {
        "product": "HSW Fz Pp 9.5 Nt Tm 10-16",
        "purchase_order_number": "0474815337",
        "quantity": 768,
        "quantity_unit_of_measure": "LB",
        "product_price": 3.5,
        "timestamp": "2020-07-28T14:26:13+00:00"
      }
    ],
    "date_order_expected": "2020-05-14",
    "date_order_close": "2020-05-31",
    "address_ship_from": {
      "street_address": "AM-C Warehouses",
      "address_line_2": "1212 Antler Drive",
      "city": "Mansfield",
      "state": "TX",
      "zip_code": "76063"
    },
    "address_ship_to": {
      "street_address": "WALMART 6064 CLEBURNE AMC FZWB",
      "address_line_2": "1212 Antler Dr",
      "city": "Mansfield",
      "state": "TX",
      "zip_code": "76063"
    }
  },
  "timestamp": "2020-07-28T14:26:13+00:00"
}