{
  "action": "SET_BOL",
  "purchase_order_number": "0474815337",
  "bol": {
    "purchase_order_number": "0474815337",
    "bol_id": "WO-439081",
    "buyer": "wmt",
    "supplier": "cgl",
    "freight_forwarder": "jbh",
    "timestamp": "2020-07-31T07:26:13+00:00",
    "products": [
      {
        "product": "HSW Fz Pp 9.5 Nt Tm 10-16",
        "purchase_order_number": "0474815337",
        "quantity": 704,
        "quantity_unit_of_measure": "LB",
        "timestamp": "2020-07-31T07:26:13+00:00"
      }
    ],
    "trailer": {
      "id": "333999",
      "loaded_by": "supplier",
      "counted_by": "carrier"
    },
    "seals": [
      {
        "seal_number": "444992",
        "seal_status": "Intact"
      }
    ],
    "date_order_shipped": "2020-05-12",
    "date_order_delivered": "2020-05-14",
    "address_ship_from": {
      "street_address": "AM-C Warehouses",
      "address_line_2": "1212 Antler Drive",
      "city": "Mansfield",
      "state": "TX",
      "zip_code": "76063"
    },
    "address_ship_to": {
      "street_address": "WALMART 6064 CLEBURNE AMC FZWB",
      "address_line_2": "1212 Antler Dr",
      "city": "Mansfield",
      "state": "5/12/2020",
      "zip_code": "76063"
    },
    "freight_terms": "TBD",
    "carrier_name": "J.B. Hunt",
    "supplier_signature": "n/a",
    "carrier_signature": "n/a",
    "carrier_standard_carrier_alpha_code": "ABCD"
  },
  "timestamp": "2020-07-31T07:26:13+00:00"
}