{
  "action": "SUBMIT_RECEIPT",
  "purchase_order_number": "348745",
  "receipt": {
    "purchase_order_number": "348745",
    "timestamp": "2020-08-06T04:26:13+00:00",
    "buyer": "Sysco",
    "supplier": "Cargill",
    "products": [
      {
        "product": "TNT Sea Pty 75/25 F03097",
        "purchase_order_number": "348745",
        "quantity": 250,
        "quantity_unit_of_measure": "LB",
        "timestamp": "2020-08-06T04:26:13+00:00"
      }
    ],
    "date_order_received": "2020-07-09"
  },
  "timestamp": "2020-08-06T04:26:13+00:00"
}