{
  "action": "PROPOSE_BOL",
  "purchase_order_number": "348745",
  "bol": {
    "purchase_order_number": "348745",
    "bol_id": "WO-444777",
    "buyer": "syy",
    "supplier": "cgl",
    "freight_forwarder": "jbh",
    "timestamp": "2020-08-01T18:26:13+00:00",
    "products": [
      {
        "product": "TNT Sea Pty 75/25 F03097",
        "purchase_order_number": "348745",
        "quantity": 250,
        "quantity_unit_of_measure": "LB",
        "timestamp": "2020-08-01T18:26:13+00:00"
      }
    ],
    "trailer": {
      "id": "248522",
      "loaded_by": "supplier",
      "counted_by": "carrier"
    },
    "seals": [
      {
        "seal_number": "292827",
        "seal_status": "Intact"
      }
    ],
    "date_order_shipped": "2020-07-06",
    "date_order_delivered": "2020-07-09",
    "address_ship_from": {
      "street_address": "Universal Pure-Lnk",
      "address_line_2": "1601 Pioneers Blvd",
      "city": "Lincoln",
      "state": "NE",
      "zip_code": "68502"
    },
    "address_ship_to": {
      "street_address": "SYSCO-CAL HONO",
      "address_line_2": "634 S Mission Rd",
      "city": "Los Angeles",
      "state": "7/6/2020",
      "zip_code": "90023"
    },
    "freight_terms": "TBD",
    "carrier_name": "J.B. Hunt",
    "supplier_signature": "n/a",
    "carrier_signature": "n/a",
    "carrier_standard_carrier_alpha_code": "ABCD"
  },
  "timestamp": "2020-08-01T18:26:13+00:00"
}