{
  "action": "SUBMIT_RECEIPT",
  "purchase_order_number": "0482233182",
  "receipt": {
    "purchase_order_number": "0482233182",
    "timestamp": "2020-08-06T10:26:13+00:00",
    "buyer": "Walmart",
    "supplier": "Cargill",
    "products": [
      {
        "product": "GB NF 73 WM3 36",
        "purchase_order_number": "0482233182",
        "quantity": 420,
        "quantity_unit_of_measure": "LB",
        "timestamp": "2020-08-06T10:26:13+00:00"
      },
      {
        "product": "GB NF 73 WM5 40",
        "purchase_order_number": "0482233182",
        "quantity": 118,
        "quantity_unit_of_measure": "LB",
        "timestamp": "2020-08-06T10:26:13+00:00"
      },
      {
        "product": "GB NF 80Chk WM01 24",
        "purchase_order_number": "0482233182",
        "quantity": 112,
        "quantity_unit_of_measure": "LB",
        "timestamp": "2020-08-06T10:26:13+00:00"
      },
      {
        "product": "GB NF 73 WM01 24",
        "purchase_order_number": "0482233182",
        "quantity": 336,
        "quantity_unit_of_measure": "LB",
        "timestamp": "2020-08-06T10:26:13+00:00"
      },
      {
        "product": "GB NF 85 WM01 24",
        "purchase_order_number": "0482233182",
        "quantity": 24,
        "quantity_unit_of_measure": "LB",
        "timestamp": "2020-08-06T10:26:13+00:00"
      }
    ],
    "date_order_received": "2020-06-05"
  },
  "timestamp": "2020-08-06T10:26:13+00:00"
}