{
  "action": "SUBMIT_INVOICE",
  "purchase_order_number": "0486519901",
  "invoice": {
    "invoice_number": "25647983",
    "purchase_order_number": "0486519901",
    "timestamp": "2020-07-30T13:26:13+00:00",
    "buyer": "Walmart",
    "supplier": "Cargill",
    "products": [
      {
        "product": "HSW Fh 85% Grd Tky Chub 12/1",
        "purchase_order_number": "0486519901",
        "quantity": 400,
        "quantity_unit_of_measure": "LB",
        "product_price": 21.3,
        "timestamp": "2020-07-30T13:26:13+00:00"
      },
      {
        "product": "HSW Fh 85 Gr Tky Dry Ex Wt 6/3",
        "purchase_order_number": "0486519901",
        "quantity": 20,
        "quantity_unit_of_measure": "LB",
        "product_price": 30.3,
        "timestamp": "2020-07-30T13:26:13+00:00"
      },
      {
        "product": "HSW Fh Tky Drumsticks 6/2 Tray",
        "purchase_order_number": "0486519901",
        "quantity": 4,
        "quantity_unit_of_measure": "LB",
        "product_price": 2.5,
        "timestamp": "2020-07-30T13:26:13+00:00"
      },
      {
        "product": "HSW Fh Necks 6/2 Tray",
        "purchase_order_number": "0486519901",
        "quantity": 1,
        "quantity_unit_of_measure": "LB",
        "product_price": 1.1,
        "timestamp": "2020-07-30T13:26:13+00:00"
      },
      {
        "product": "HSW Fh 93 GrTky Dry ExWt 6/1.2",
        "purchase_order_number": "0486519901",
        "quantity": 130,
        "quantity_unit_of_measure": "LB",
        "product_price": 13.2,
        "timestamp": "2020-07-30T13:26:13+00:00"
      },
      {
        "product": "HSW Fh 85/15 GrTky ExWt 6/1.25",
        "purchase_order_number": "0486519901",
        "quantity": 240,
        "quantity_unit_of_measure": "LB",
        "product_price": 13.4,
        "timestamp": "2020-07-30T13:26:13+00:00"
      },
      {
        "product": "HSW Fh Gr WhtDry Ex Wt 6/1.25#",
        "purchase_order_number": "0486519901",
        "quantity": 80,
        "quantity_unit_of_measure": "LB",
        "product_price": 26.9,
        "timestamp": "2020-07-30T13:26:13+00:00"
      },
      {
        "product": "HSW Fh 85% Grd Tky Chub 3 lb.",
        "purchase_order_number": "0486519901",
        "quantity": 96,
        "quantity_unit_of_measure": "LB",
        "product_price": 28.6,
        "timestamp": "2020-07-30T13:26:13+00:00"
      },
      {
        "product": "HSW Fh 93% Grd Tky Fam PK 6/3#",
        "purchase_order_number": "0486519901",
        "quantity": 196,
        "quantity_unit_of_measure": "LB",
        "product_price": 45.8,
        "timestamp": "2020-07-30T13:26:13+00:00"
      },
      {
        "product": "HON Fh Gr Brst Ex Wt 6/1.0",
        "purchase_order_number": "0486519901",
        "quantity": 90,
        "quantity_unit_of_measure": "LB",
        "product_price": 23.7,
        "timestamp": "2020-07-30T13:26:13+00:00"
      },
      {
        "product": "HON Fh 93 GrTky ExWt 6/1",
        "purchase_order_number": "0486519901",
        "quantity": 90,
        "quantity_unit_of_measure": "LB",
        "product_price": 15.8,
        "timestamp": "2020-07-30T13:26:13+00:00"
      },
      {
        "product": "HSW Fh 90% Grd Tky Chub 12/1",
        "purchase_order_number": "0486519901",
        "quantity": 28,
        "quantity_unit_of_measure": "LB",
        "product_price": 25.6,
        "timestamp": "2020-07-30T13:26:13+00:00"
      },
      {
        "product": "HSW Fh 93% Grd Tky Chub 12/1",
        "purchase_order_number": "0486519901",
        "quantity": 28,
        "quantity_unit_of_measure": "LB",
        "product_price": 25.8,
        "timestamp": "2020-07-30T13:26:13+00:00"
      },
      {
        "product": "HSW DC Sklt Kit Ccnt Curry",
        "purchase_order_number": "0486519901",
        "quantity": 52,
        "quantity_unit_of_measure": "LB",
        "product_price": 22.8,
        "timestamp": "2020-07-30T13:26:13+00:00"
      },
      {
        "product": "HSW DC Sklt Kit TomGarBasl",
        "purchase_order_number": "0486519901",
        "quantity": 26,
        "quantity_unit_of_measure": "LB",
        "product_price": 22.1,
        "timestamp": "2020-07-30T13:26:13+00:00"
      },
      {
        "product": "HSW Fh Tky Tndrln Rotis Mrntd",
        "purchase_order_number": "0486519901",
        "quantity": 3,
        "quantity_unit_of_measure": "LB",
        "product_price": 32.0,
        "timestamp": "2020-07-30T13:26:13+00:00"
      }
    ]
  },
  "timestamp": "2020-07-30T13:26:13+00:00"
}