{
  "action": "SET_BOL",
  "purchase_order_number": "0486519901",
  "bol": {
    "purchase_order_number": "0486519901",
    "bol_id": "WO-426845",
    "buyer": "wmt",
    "supplier": "cgl",
    "freight_forwarder": "jbh",
    "timestamp": "2020-08-02T15:26:13+00:00",
    "products": [
      {
        "product": "HSW Fh 85% Grd Tky Chub 12/1",
        "purchase_order_number": "0486519901",
        "quantity": 400,
        "quantity_unit_of_measure": "LB",
        "timestamp": "2020-08-02T15:26:13+00:00"
      },
      {
        "product": "HSW Fh 85 Gr Tky Dry Ex Wt 6/3",
        "purchase_order_number": "0486519901",
        "quantity": 20,
        "quantity_unit_of_measure": "LB",
        "timestamp": "2020-08-02T15:26:13+00:00"
      },
      {
        "product": "HSW Fh Tky Drumsticks 6/2 Tray",
        "purchase_order_number": "0486519901",
        "quantity": 4,
        "quantity_unit_of_measure": "LB",
        "timestamp": "2020-08-02T15:26:13+00:00"
      },
      {
        "product": "HSW Fh Necks 6/2 Tray",
        "purchase_order_number": "0486519901",
        "quantity": 1,
        "quantity_unit_of_measure": "LB",
        "timestamp": "2020-08-02T15:26:13+00:00"
      },
      {
        "product": "HSW Fh 93 GrTky Dry ExWt 6/1.2",
        "purchase_order_number": "0486519901",
        "quantity": 130,
        "quantity_unit_of_measure": "LB",
        "timestamp": "2020-08-02T15:26:13+00:00"
      },
      {
        "product": "HSW Fh 85/15 GrTky ExWt 6/1.25",
        "purchase_order_number": "0486519901",
        "quantity": 240,
        "quantity_unit_of_measure": "LB",
        "timestamp": "2020-08-02T15:26:13+00:00"
      },
      {
        "product": "HSW Fh Gr WhtDry Ex Wt 6/1.25#",
        "purchase_order_number": "0486519901",
        "quantity": 80,
        "quantity_unit_of_measure": "LB",
        "timestamp": "2020-08-02T15:26:13+00:00"
      },
      {
        "product": "HSW Fh 85% Grd Tky Chub 3 lb.",
        "purchase_order_number": "0486519901",
        "quantity": 96,
        "quantity_unit_of_measure": "LB",
        "timestamp": "2020-08-02T15:26:13+00:00"
      },
      {
        "product": "HSW Fh 93% Grd Tky Fam PK 6/3#",
        "purchase_order_number": "0486519901",
        "quantity": 196,
        "quantity_unit_of_measure": "LB",
        "timestamp": "2020-08-02T15:26:13+00:00"
      },
      {
        "product": "HON Fh Gr Brst Ex Wt 6/1.0",
        "purchase_order_number": "0486519901",
        "quantity": 90,
        "quantity_unit_of_measure": "LB",
        "timestamp": "2020-08-02T15:26:13+00:00"
      },
      {
        "product": "HON Fh 93 GrTky ExWt 6/1",
        "purchase_order_number": "0486519901",
        "quantity": 90,
        "quantity_unit_of_measure": "LB",
        "timestamp": "2020-08-02T15:26:13+00:00"
      },
      {
        "product": "HSW Fh 90% Grd Tky Chub 12/1",
        "purchase_order_number": "0486519901",
        "quantity": 28,
        "quantity_unit_of_measure": "LB",
        "timestamp": "2020-08-02T15:26:13+00:00"
      },
      {
        "product": "HSW Fh 93% Grd Tky Chub 12/1",
        "purchase_order_number": "0486519901",
        "quantity": 28,
        "quantity_unit_of_measure": "LB",
        "timestamp": "2020-08-02T15:26:13+00:00"
      },
      {
        "product": "HSW DC Sklt Kit Ccnt Curry",
        "purchase_order_number": "0486519901",
        "quantity": 52,
        "quantity_unit_of_measure": "LB",
        "timestamp": "2020-08-02T15:26:13+00:00"
      },
      {
        "product": "HSW DC Sklt Kit TomGarBasl",
        "purchase_order_number": "0486519901",
        "quantity": 26,
        "quantity_unit_of_measure": "LB",
        "timestamp": "2020-08-02T15:26:13+00:00"
      },
      {
        "product": "HSW Fh Tky Tndrln Rotis Mrntd",
        "purchase_order_number": "0486519901",
        "quantity": 3,
        "quantity_unit_of_measure": "LB",
        "timestamp": "2020-08-02T15:26:13+00:00"
      }
    ],
    "trailer": {
      "id": "668997",
      "loaded_by": "supplier",
      "counted_by": "carrier"
    },
    "seals": [
      {
        "seal_number": "947555",
        "seal_status": "Intact"
      }
    ],
    "date_order_shipped": "2020-06-20",
    "date_order_delivered": "2020-06-23",
    "address_ship_from": {
      "street_address": "Universal Pure-Lnk",
      "address_line_2": "1601 Pioneers Blvd",
      "city": "Lincoln",
      "state": "NE",
      "zip_code": "68502"
    },
    "address_ship_to": {
      "street_address": "WALMART 7015 BARTLSVL",
      "address_line_2": "TLSVL 397319 W 3000 Rd",
      "city": "Ochelata",
      "state": "6/20/2020",
      "zip_code": "74051"
    },
    "freight_terms": "TBD",
    "carrier_name": "J.B. Hunt",
    "supplier_signature": "n/a",
    "carrier_signature": "n/a",
    "carrier_standard_carrier_alpha_code": "ABCD"
  },
  "timestamp": "2020-08-02T15:26:13+00:00"
}