{
  "action": "SUBMIT_INVOICE",
  "purchase_order_number": "0474279145",
  "invoice": {
    "invoice_number": "553949",
    "purchase_order_number": "0474279145",
    "timestamp": "2020-07-30T19:26:13+00:00",
    "buyer": "Walmart",
    "supplier": "Cargill",
    "products": [
      {
        "product": "Sam SirPty 85/15 5.3z Rd",
        "purchase_order_number": "0474279145",
        "quantity": 900,
        "quantity_unit_of_measure": "LB",
        "product_price": 5.9,
        "timestamp": "2020-07-30T19:26:13+00:00"
      },
      {
        "product": "Sam Sea Pty 75/25 4z Ovt",
        "purchase_order_number": "0474279145",
        "quantity": 540,
        "quantity_unit_of_measure": "LB",
        "product_price": 1.2,
        "timestamp": "2020-07-30T19:26:13+00:00"
      }
    ]
  },
  "timestamp": "2020-07-30T19:26:13+00:00"
}