{
  "action": "PROPOSE_PURCHASE_ORDER",
  "purchase_order_number": "0474279145",
  "purchase_order": {
    "purchase_order_number": "0474279145",
    "buyer": "wmt",
    "supplier": "cgl",
    "timestamp": "2020-07-29T18:26:13+00:00",
    "products": [
      {
        "product": "Sam SirPty 85/15 5.3z Rd",
        "purchase_order_number": "0474279145",
        "quantity": 900,
        "quantity_unit_of_measure": "LB",
        "product_price": 5.9,
        "timestamp": "2020-07-29T18:26:13+00:00"
      },
      {
        "product": "Sam Sea Pty 75/25 4z Ovt",
        "purchase_order_number": "0474279145",
        "quantity": 540,
        "quantity_unit_of_measure": "LB",
        "product_price": 1.2,
        "timestamp": "2020-07-29T18:26:13+00:00"
      }
    ],
    "date_order_expected": "2020-05-17",
    "date_order_close": "2020-06-04",
    "address_ship_from": {
      "street_address": "Universal Pure-Lnk",
      "address_line_2": "1601 Pioneers Blvd",
      "city": "Lincoln",
      "state": "NE",
      "zip_code": "68502"
    },
    "address_ship_to": {
      "street_address": "WALMART GROCERY WHSE 6055",
      "address_line_2": "655 Unisia Dr",
      "city": "Monroe",
      "state": "GA",
      "zip_code": "\u00a0 30655"
    }
  },
  "timestamp": "2020-07-29T18:26:13+00:00"
}