{
  "action": "SET_RECEIPT",
  "purchase_order_number": "0474279145",
  "receipt": {
    "purchase_order_number": "0474279145",
    "timestamp": "2020-08-06T13:26:13+00:00",
    "buyer": "Walmart",
    "supplier": "Cargill",
    "products": [
      {
        "product": "Sam SirPty 85/15 5.3z Rd",
        "purchase_order_number": "0474279145",
        "quantity": 900,
        "quantity_unit_of_measure": "LB",
        "timestamp": "2020-08-06T13:26:13+00:00"
      },
      {
        "product": "Sam Sea Pty 75/25 4z Ovt",
        "purchase_order_number": "0474279145",
        "quantity": 540,
        "quantity_unit_of_measure": "LB",
        "timestamp": "2020-08-06T13:26:13+00:00"
      }
    ],
    "date_order_received": "2020-05-17"
  },
  "timestamp": "2020-08-06T13:26:13+00:00"
}