{
  "action": "SUBMIT_INVOICE",
  "purchase_order_number": "0480698899",
  "invoice": {
    "invoice_number": "25639937",
    "purchase_order_number": "0480698899",
    "timestamp": "2020-07-30T07:26:13+00:00",
    "buyer": "Walmart",
    "supplier": "Cargill",
    "products": [
      {
        "product": "SBF Fh 85% Grd Turkey 8/1.3#",
        "purchase_order_number": "0480698899",
        "quantity": 560,
        "quantity_unit_of_measure": "LB",
        "product_price": 34.5,
        "timestamp": "2020-07-30T07:26:13+00:00"
      },
      {
        "product": "SBF Fh Swt Itl Sg Ex Wt 8/1.25",
        "purchase_order_number": "0480698899",
        "quantity": 208,
        "quantity_unit_of_measure": "LB",
        "product_price": 19.5,
        "timestamp": "2020-07-30T07:26:13+00:00"
      },
      {
        "product": "SBF Fh Grnd Tky Fam Pak 8/3#",
        "purchase_order_number": "0480698899",
        "quantity": 336,
        "quantity_unit_of_measure": "LB",
        "product_price": 36.7,
        "timestamp": "2020-07-30T07:26:13+00:00"
      },
      {
        "product": "SBF Fh 85% Grd Tky Chub 12/1",
        "purchase_order_number": "0480698899",
        "quantity": 330,
        "quantity_unit_of_measure": "LB",
        "product_price": 15.4,
        "timestamp": "2020-07-30T07:26:13+00:00"
      },
      {
        "product": "SBF Fh 93% Grd Turkey 8/3#",
        "purchase_order_number": "0480698899",
        "quantity": 336,
        "quantity_unit_of_measure": "LB",
        "product_price": 55.9,
        "timestamp": "2020-07-30T07:26:13+00:00"
      }
    ]
  },
  "timestamp": "2020-07-30T07:26:13+00:00"
}