{
  "action": "PROPOSE_PURCHASE_ORDER",
  "purchase_order_number": "0480698899",
  "purchase_order": {
    "purchase_order_number": "0480698899",
    "buyer": "wmt",
    "supplier": "cgl",
    "timestamp": "2020-07-28T18:26:13+00:00",
    "products": [
      {
        "product": "SBF Fh 85% Grd Turkey 8/1.3#",
        "purchase_order_number": "0480698899",
        "quantity": 560,
        "quantity_unit_of_measure": "LB",
        "product_price": 34.5,
        "timestamp": "2020-07-28T18:26:13+00:00"
      },
      {
        "product": "SBF Fh Swt Itl Sg Ex Wt 8/1.25",
        "purchase_order_number": "0480698899",
        "quantity": 208,
        "quantity_unit_of_measure": "LB",
        "product_price": 19.5,
        "timestamp": "2020-07-28T18:26:13+00:00"
      },
      {
        "product": "SBF Fh Grnd Tky Fam Pak 8/3#",
        "purchase_order_number": "0480698899",
        "quantity": 336,
        "quantity_unit_of_measure": "LB",
        "product_price": 36.7,
        "timestamp": "2020-07-28T18:26:13+00:00"
      },
      {
        "product": "SBF Fh 85% Grd Tky Chub 12/1",
        "purchase_order_number": "0480698899",
        "quantity": 330,
        "quantity_unit_of_measure": "LB",
        "product_price": 15.4,
        "timestamp": "2020-07-28T18:26:13+00:00"
      },
      {
        "product": "SBF Fh 93% Grd Turkey 8/3#",
        "purchase_order_number": "0480698899",
        "quantity": 336,
        "quantity_unit_of_measure": "LB",
        "product_price": 55.9,
        "timestamp": "2020-07-28T18:26:13+00:00"
      }
    ],
    "date_order_expected": "2020-05-30",
    "date_order_close": "2020-06-14",
    "address_ship_from": {
      "street_address": "Universal Pure-Lnk",
      "address_line_2": "1601 Pioneers Blvd",
      "city": "Lincoln",
      "state": "NE",
      "zip_code": "68502"
    },
    "address_ship_to": {
      "street_address": "WAL MART POTTSVILLE 7030",
      "address_line_2": "390 Highridge Park Rd",
      "city": "Pottsville",
      "state": "PA",
      "zip_code": "17901"
    }
  },
  "timestamp": "2020-07-28T18:26:13+00:00"
}