{
  "action": "SET_RECEIPT",
  "purchase_order_number": "0480698899",
  "receipt": {
    "purchase_order_number": "0480698899",
    "timestamp": "2020-08-06T01:26:13+00:00",
    "buyer": "Walmart",
    "supplier": "Cargill",
    "products": [
      {
        "product": "SBF Fh 85% Grd Turkey 8/1.3#",
        "purchase_order_number": "0480698899",
        "quantity": 500,
        "quantity_unit_of_measure": "LB",
        "timestamp": "2020-08-06T01:26:13+00:00"
      },
      {
        "product": "SBF Fh Swt Itl Sg Ex Wt 8/1.25",
        "purchase_order_number": "0480698899",
        "quantity": 208,
        "quantity_unit_of_measure": "LB",
        "timestamp": "2020-08-06T01:26:13+00:00"
      },
      {
        "product": "SBF Fh Grnd Tky Fam Pak 8/3#",
        "purchase_order_number": "0480698899",
        "quantity": 336,
        "quantity_unit_of_measure": "LB",
        "timestamp": "2020-08-06T01:26:13+00:00"
      },
      {
        "product": "SBF Fh 85% Grd Tky Chub 12/1",
        "purchase_order_number": "0480698899",
        "quantity": 330,
        "quantity_unit_of_measure": "LB",
        "timestamp": "2020-08-06T01:26:13+00:00"
      },
      {
        "product": "SBF Fh 93% Grd Turkey 8/3#",
        "purchase_order_number": "0480698899",
        "quantity": 336,
        "quantity_unit_of_measure": "LB",
        "timestamp": "2020-08-06T01:26:13+00:00"
      }
    ],
    "date_order_received": "2020-05-30"
  },
  "timestamp": "2020-08-06T01:26:13+00:00"
}