{
  "action": "SUBMIT_INVOICE",
  "purchase_order_number": "4520239736",
  "invoice": {
    "invoice_number": "2905445739",
    "purchase_order_number": "4520239736",
    "timestamp": "2020-07-30T23:26:13+00:00",
    "buyer": "Tyson",
    "supplier": "Cargill",
    "products": [
      {
        "product": "EGGS,PRE,CKD,SCRAMBLED",
        "purchase_order_number": "4520239736",
        "quantity": 585,
        "quantity_unit_of_measure": "LB",
        "product_price": 42.4,
        "timestamp": "2020-07-30T23:26:13+00:00"
      }
    ]
  },
  "timestamp": "2020-07-30T23:26:13+00:00"
}