{
  "action": "PROPOSE_BOL",
  "purchase_order_number": "4520239736",
  "bol": {
    "purchase_order_number": "4520239736",
    "bol_id": "CKS0808249944",
    "buyer": "tys",
    "supplier": "cgl",
    "freight_forwarder": "jbh",
    "timestamp": "2020-08-05T13:26:13+00:00",
    "products": [
      {
        "product": "EGGS,PRE,CKD,SCRAMBLED",
        "purchase_order_number": "4520239736",
        "quantity": 585,
        "quantity_unit_of_measure": "LB",
        "timestamp": "2020-08-05T13:26:13+00:00"
      }
    ],
    "trailer": {
      "id": "482748",
      "loaded_by": "supplier",
      "counted_by": "carrier"
    },
    "seals": [
      {
        "seal_number": "00010506",
        "seal_status": "Intact"
      }
    ],
    "date_order_shipped": "2020-05-24",
    "date_order_delivered": "2020-05-26",
    "address_ship_from": {
      "street_address": "Cargill Kitchen Solutions",
      "address_line_2": "206 W. 4th St",
      "city": "Monticello",
      "state": "MN",
      "zip_code": "55362"
    },
    "address_ship_to": {
      "street_address": "BOSCO'S PIZZA CO",
      "address_line_2": "25000 GUENTHER",
      "city": "Warren",
      "state": "5/24/2020",
      "zip_code": "48091"
    },
    "freight_terms": "FOB",
    "carrier_name": "J.B. Hunt",
    "supplier_signature": "n/a",
    "carrier_signature": "n/a",
    "carrier_standard_carrier_alpha_code": "ABCD"
  },
  "timestamp": "2020-08-05T13:26:13+00:00"
}