{
  "action": "SUBMIT_RECEIPT",
  "purchase_order_number": "4520239736",
  "receipt": {
    "purchase_order_number": "4520239736",
    "timestamp": "2020-08-06T17:26:13+00:00",
    "buyer": "Tyson",
    "supplier": "Cargill",
    "products": [
      {
        "product": "EGGS,PRE,CKD,SCRAMBLED",
        "purchase_order_number": "4520239736",
        "quantity": 585,
        "quantity_unit_of_measure": "LB",
        "timestamp": "2020-08-06T17:26:13+00:00"
      }
    ],
    "date_order_received": "2020-05-26"
  },
  "timestamp": "2020-08-06T17:26:13+00:00"
}