{
  "action": "PROPOSE_BOL",
  "purchase_order_number": "0480081516",
  "bol": {
    "purchase_order_number": "0480081516",
    "bol_id": "WO-883838",
    "buyer": "wmt",
    "supplier": "cgl",
    "freight_forwarder": "jbh",
    "timestamp": "2020-08-04T16:26:13+00:00",
    "products": [
      {
        "product": "WM GB CHUB 85/15 1 LB FZ",
        "purchase_order_number": "0480081516",
        "quantity": 252,
        "quantity_unit_of_measure": "LB",
        "timestamp": "2020-08-04T16:26:13+00:00"
      },
      {
        "product": "WM GB CHUB 73/27 1LB FZ",
        "purchase_order_number": "0480081516",
        "quantity": 336,
        "quantity_unit_of_measure": "LB",
        "timestamp": "2020-08-04T16:26:13+00:00"
      }
    ],
    "trailer": {
      "id": "232435",
      "loaded_by": "supplier",
      "counted_by": "carrier"
    },
    "seals": [
      {
        "seal_number": "824653",
        "seal_status": "Intact"
      }
    ],
    "date_order_shipped": "2020-05-28",
    "date_order_delivered": "2020-06-02",
    "address_ship_from": {
      "street_address": "Universal Pure-Lnk",
      "address_line_2": "1601 Pioneers Blvd",
      "city": "Lincoln",
      "state": "NE",
      "zip_code": "68502"
    },
    "address_ship_to": {
      "street_address": "WALMART DC 6057",
      "address_line_2": "45346 Parkway Blvd",
      "city": "Robert",
      "state": "5/28/2020",
      "zip_code": "70455"
    },
    "freight_terms": "TBD",
    "carrier_name": "J.B. Hunt",
    "supplier_signature": "n/a",
    "carrier_signature": "n/a",
    "carrier_standard_carrier_alpha_code": "ABCD"
  },
  "timestamp": "2020-08-04T16:26:13+00:00"
}