{
  "action": "SUBMIT_INVOICE",
  "purchase_order_number": "03210780",
  "invoice": {
    "invoice_number": "25636220",
    "purchase_order_number": "03210780",
    "timestamp": "2020-07-30T04:26:13+00:00",
    "buyer": "Sysco",
    "supplier": "Cargill",
    "products": [
      {
        "product": "SYS Fh Se Cmd Bf Btm Rnd Flat",
        "purchase_order_number": "03210780",
        "quantity": 108,
        "quantity_unit_of_measure": "LB",
        "product_price": 6.7,
        "timestamp": "2020-07-30T04:26:13+00:00"
      },
      {
        "product": "SYS Fh Ch Ckd Cmd Bf DF 1232",
        "purchase_order_number": "03210780",
        "quantity": 56,
        "quantity_unit_of_measure": "LB",
        "product_price": 3.3,
        "timestamp": "2020-07-30T04:26:13+00:00"
      },
      {
        "product": "SYS Fh Bf Clsc Pstrmi Btm Rnd",
        "purchase_order_number": "03210780",
        "quantity": 13,
        "quantity_unit_of_measure": "LB",
        "product_price": 5.2,
        "timestamp": "2020-07-30T04:26:13+00:00"
      },
      {
        "product": "SYS Fh Slcd Rst Bf 344",
        "purchase_order_number": "03210780",
        "quantity": 250,
        "quantity_unit_of_measure": "LB",
        "product_price": 6.1,
        "timestamp": "2020-07-30T04:26:13+00:00"
      },
      {
        "product": "SYS Fh Rst Bf No Roll",
        "purchase_order_number": "03210780",
        "quantity": 75,
        "quantity_unit_of_measure": "LB",
        "product_price": 4.4,
        "timestamp": "2020-07-30T04:26:13+00:00"
      },
      {
        "product": "SYS Fh Tp Cp/Off Rst Bf Wh 10%",
        "purchase_order_number": "03210780",
        "quantity": 35,
        "quantity_unit_of_measure": "LB",
        "product_price": 2.9,
        "timestamp": "2020-07-30T04:26:13+00:00"
      },
      {
        "product": "SYS Fh Slcd Smkd Ham WA 2400",
        "purchase_order_number": "03210780",
        "quantity": 53,
        "quantity_unit_of_measure": "LB",
        "product_price": 3.5,
        "timestamp": "2020-07-30T04:26:13+00:00"
      },
      {
        "product": "SYS Fh Slcd OR Tky Brst",
        "purchase_order_number": "03210780",
        "quantity": 36,
        "quantity_unit_of_measure": "LB",
        "product_price": 2.8,
        "timestamp": "2020-07-30T04:26:13+00:00"
      },
      {
        "product": "SYS Fh Slcd Smkd Tky Brst 2800",
        "purchase_order_number": "03210780",
        "quantity": 276,
        "quantity_unit_of_measure": "LB",
        "product_price": 3.9,
        "timestamp": "2020-07-30T04:26:13+00:00"
      }
    ]
  },
  "timestamp": "2020-07-30T04:26:13+00:00"
}