{
  "action": "PROPOSE_PURCHASE_ORDER",
  "purchase_order_number": "03210780",
  "purchase_order": {
    "purchase_order_number": "03210780",
    "buyer": "syy",
    "supplier": "cgl",
    "timestamp": "2020-07-28T12:26:13+00:00",
    "products": [
      {
        "product": "SYS Fh Se Cmd Bf Btm Rnd Flat",
        "purchase_order_number": "03210780",
        "quantity": 108,
        "quantity_unit_of_measure": "LB",
        "product_price": 6.7,
        "timestamp": "2020-07-28T12:26:13+00:00"
      },
      {
        "product": "SYS Fh Ch Ckd Cmd Bf DF 1232",
        "purchase_order_number": "03210780",
        "quantity": 56,
        "quantity_unit_of_measure": "LB",
        "product_price": 3.3,
        "timestamp": "2020-07-28T12:26:13+00:00"
      },
      {
        "product": "SYS Fh Bf Clsc Pstrmi Btm Rnd",
        "purchase_order_number": "03210780",
        "quantity": 13,
        "quantity_unit_of_measure": "LB",
        "product_price": 5.2,
        "timestamp": "2020-07-28T12:26:13+00:00"
      },
      {
        "product": "SYS Fh Slcd Rst Bf 344",
        "purchase_order_number": "03210780",
        "quantity": 250,
        "quantity_unit_of_measure": "LB",
        "product_price": 6.1,
        "timestamp": "2020-07-28T12:26:13+00:00"
      },
      {
        "product": "SYS Fh Rst Bf No Roll",
        "purchase_order_number": "03210780",
        "quantity": 75,
        "quantity_unit_of_measure": "LB",
        "product_price": 4.4,
        "timestamp": "2020-07-28T12:26:13+00:00"
      },
      {
        "product": "SYS Fh Tp Cp/Off Rst Bf Wh 10%",
        "purchase_order_number": "03210780",
        "quantity": 35,
        "quantity_unit_of_measure": "LB",
        "product_price": 2.9,
        "timestamp": "2020-07-28T12:26:13+00:00"
      },
      {
        "product": "SYS Fh Slcd Smkd Ham WA 2400",
        "purchase_order_number": "03210780",
        "quantity": 53,
        "quantity_unit_of_measure": "LB",
        "product_price": 3.5,
        "timestamp": "2020-07-28T12:26:13+00:00"
      },
      {
        "product": "SYS Fh Slcd OR Tky Brst",
        "purchase_order_number": "03210780",
        "quantity": 36,
        "quantity_unit_of_measure": "LB",
        "product_price": 2.8,
        "timestamp": "2020-07-28T12:26:13+00:00"
      },
      {
        "product": "SYS Fh Slcd Smkd Tky Brst 2800",
        "purchase_order_number": "03210780",
        "quantity": 276,
        "quantity_unit_of_measure": "LB",
        "product_price": 3.9,
        "timestamp": "2020-07-28T12:26:13+00:00"
      }
    ],
    "date_order_expected": "2020-05-19",
    "date_order_close": "2020-07-29",
    "address_ship_from": {
      "street_address": "Universal Pure-Lnk",
      "address_line_2": "1601 Pioneers Blvd",
      "city": "Lincoln",
      "state": "NE",
      "zip_code": "68502"
    },
    "address_ship_to": {
      "street_address": "SYSCO RDC FL BAUGH",
      "address_line_2": "12421 NW 173rd St",
      "city": "Alachua",
      "state": "FL",
      "zip_code": "32615"
    }
  },
  "timestamp": "2020-07-28T12:26:13+00:00"
}