{
  "action": "SUBMIT_RECEIPT",
  "purchase_order_number": "0489025156",
  "receipt": {
    "purchase_order_number": "0489025156",
    "timestamp": "2020-08-06T12:26:13+00:00",
    "buyer": "Walmart",
    "supplier": "Cargill",
    "products": [
      {
        "product": "RMB TRIPE Scald 5# WM PP1",
        "purchase_order_number": "0489025156",
        "quantity": 20,
        "quantity_unit_of_measure": "LB",
        "timestamp": "2020-08-06T12:26:13+00:00"
      },
      {
        "product": "RMB TRIPE Scld 2.75#WMPP1",
        "purchase_order_number": "0489025156",
        "quantity": 24,
        "quantity_unit_of_measure": "LB",
        "timestamp": "2020-08-06T12:26:13+00:00"
      },
      {
        "product": "RMB TONGUE S/T WM PP1",
        "purchase_order_number": "0489025156",
        "quantity": 21,
        "quantity_unit_of_measure": "LB",
        "timestamp": "2020-08-06T12:26:13+00:00"
      },
      {
        "product": "RMB TRIPAS MV WM",
        "purchase_order_number": "0489025156",
        "quantity": 45,
        "quantity_unit_of_measure": "LB",
        "timestamp": "2020-08-06T12:26:13+00:00"
      },
      {
        "product": "RMB HC TRIPE 2.5# WM PP1",
        "purchase_order_number": "0489025156",
        "quantity": 24,
        "quantity_unit_of_measure": "LB",
        "timestamp": "2020-08-06T12:26:13+00:00"
      },
      {
        "product": "RMB LIVER Slicd MV W-M PP",
        "purchase_order_number": "0489025156",
        "quantity": 56,
        "quantity_unit_of_measure": "LB",
        "timestamp": "2020-08-06T12:26:13+00:00"
      },
      {
        "product": "RMB CHEEKMEAT 2# Fs MV WM",
        "purchase_order_number": "0489025156",
        "quantity": 16,
        "quantity_unit_of_measure": "LB",
        "timestamp": "2020-08-06T12:26:13+00:00"
      },
      {
        "product": "RMB OXTAIL DeJoint WM PP1",
        "purchase_order_number": "0489025156",
        "quantity": 20,
        "quantity_unit_of_measure": "LB",
        "timestamp": "2020-08-06T12:26:13+00:00"
      },
      {
        "product": "RMB MARROW BONE MV W-M PP",
        "purchase_order_number": "0489025156",
        "quantity": 25,
        "quantity_unit_of_measure": "LB",
        "timestamp": "2020-08-06T12:26:13+00:00"
      },
      {
        "product": "SE BBCu Rb S/R RACK WM PP",
        "purchase_order_number": "0489025156",
        "quantity": 30,
        "quantity_unit_of_measure": "LB",
        "timestamp": "2020-08-06T12:26:13+00:00"
      },
      {
        "product": "SE BBCue Chx RIBLET WM PP",
        "purchase_order_number": "0489025156",
        "quantity": 40,
        "quantity_unit_of_measure": "LB",
        "timestamp": "2020-08-06T12:26:13+00:00"
      },
      {
        "product": "SE BRISKET W-Mart PP 5/Bx",
        "purchase_order_number": "0489025156",
        "quantity": 25,
        "quantity_unit_of_measure": "LB",
        "timestamp": "2020-08-06T12:26:13+00:00"
      },
      {
        "product": "SE INSIDE SKIRT VP WM-PP",
        "purchase_order_number": "0489025156",
        "quantity": 5,
        "quantity_unit_of_measure": "LB",
        "timestamp": "2020-08-06T12:26:13+00:00"
      }
    ],
    "date_order_received": "2020-07-07"
  },
  "timestamp": "2020-08-06T12:26:13+00:00"
}