{
  "action": "PROPOSE_BOL",
  "purchase_order_number": "0476992434",
  "bol": {
    "purchase_order_number": "0476992434",
    "bol_id": "WO-000002",
    "buyer": "wmt",
    "supplier": "cgl",
    "freight_forwarder": "jbh",
    "timestamp": "2020-08-02T22:26:13+00:00",
    "products": [
      {
        "product": "GB 85 Ang 4#/16 PY OW WM",
        "purchase_order_number": "0476992434",
        "quantity": 263,
        "quantity_unit_of_measure": "LB",
        "timestamp": "2020-08-02T22:26:13+00:00"
      }
    ],
    "trailer": {
      "id": "223445",
      "loaded_by": "supplier",
      "counted_by": "carrier"
    },
    "seals": [
      {
        "seal_number": "435723",
        "seal_status": "Intact"
      }
    ],
    "date_order_shipped": "2020-05-11",
    "date_order_delivered": "2020-05-14",
    "address_ship_from": {
      "street_address": "Universal Pure-Lnk",
      "address_line_2": "1601 Pioneers Blvd",
      "city": "Lincoln",
      "state": "NE",
      "zip_code": "68502"
    },
    "address_ship_to": {
      "street_address": "Walmart Grocery Whse 7084",
      "address_line_2": "1001 Columbia Ave",
      "city": "Riverside",
      "state": "5/11/2020",
      "zip_code": "92507"
    },
    "freight_terms": "TBD",
    "carrier_name": "J.B. Hunt",
    "supplier_signature": "n/a",
    "carrier_signature": "n/a",
    "carrier_standard_carrier_alpha_code": "ABCD"
  },
  "timestamp": "2020-08-02T22:26:13+00:00"
}