{
  "action": "PROPOSE_BOL",
  "purchase_order_number": "03210780",
  "bol": {
    "purchase_order_number": "03210780",
    "bol_id": "WO-534668",
    "buyer": "syy",
    "supplier": "cgl",
    "freight_forwarder": "jbh",
    "timestamp": "2020-07-31T00:26:13+00:00",
    "products": [
      {
        "product": "SYS Fh Se Cmd Bf Btm Rnd Flat",
        "purchase_order_number": "03210780",
        "quantity": 88,
        "quantity_unit_of_measure": "LB",
        "timestamp": "2020-07-31T00:26:13+00:00"
      },
      {
        "product": "SYS Fh Ch Ckd Cmd Bf DF 1232",
        "purchase_order_number": "03210780",
        "quantity": 56,
        "quantity_unit_of_measure": "LB",
        "timestamp": "2020-07-31T00:26:13+00:00"
      },
      {
        "product": "SYS Fh Bf Clsc Pstrmi Btm Rnd",
        "purchase_order_number": "03210780",
        "quantity": 13,
        "quantity_unit_of_measure": "LB",
        "timestamp": "2020-07-31T00:26:13+00:00"
      },
      {
        "product": "SYS Fh Slcd Rst Bf 344",
        "purchase_order_number": "03210780",
        "quantity": 250,
        "quantity_unit_of_measure": "LB",
        "timestamp": "2020-07-31T00:26:13+00:00"
      },
      {
        "product": "SYS Fh Rst Bf No Roll",
        "purchase_order_number": "03210780",
        "quantity": 60,
        "quantity_unit_of_measure": "LB",
        "timestamp": "2020-07-31T00:26:13+00:00"
      },
      {
        "product": "SYS Fh Tp Cp/Off Rst Bf Wh 10%",
        "purchase_order_number": "03210780",
        "quantity": 35,
        "quantity_unit_of_measure": "LB",
        "timestamp": "2020-07-31T00:26:13+00:00"
      },
      {
        "product": "SYS Fh Slcd Smkd Ham WA 2400",
        "purchase_order_number": "03210780",
        "quantity": 53,
        "quantity_unit_of_measure": "LB",
        "timestamp": "2020-07-31T00:26:13+00:00"
      },
      {
        "product": "SYS Fh Slcd OR Tky Brst",
        "purchase_order_number": "03210780",
        "quantity": 36,
        "quantity_unit_of_measure": "LB",
        "timestamp": "2020-07-31T00:26:13+00:00"
      },
      {
        "product": "SYS Fh Slcd Smkd Tky Brst 2800",
        "purchase_order_number": "03210780",
        "quantity": 276,
        "quantity_unit_of_measure": "LB",
        "timestamp": "2020-07-31T00:26:13+00:00"
      }
    ],
    "trailer": {
      "id": "N0367391",
      "loaded_by": "supplier",
      "counted_by": "carrier"
    },
    "seals": [
      {
        "seal_number": "724556",
        "seal_status": "Intact"
      }
    ],
    "date_order_shipped": "2020-05-16",
    "date_order_delivered": "2020-05-19",
    "address_ship_from": {
      "street_address": "Universal Pure-Lnk",
      "address_line_2": "1601 Pioneers Blvd",
      "city": "Lincoln",
      "state": "NE",
      "zip_code": "68502"
    },
    "address_ship_to": {
      "street_address": "SYSCO RDC FL BAUGH",
      "address_line_2": "12421 NW 173rd St",
      "city": "Alachua",
      "state": "5/16/2020",
      "zip_code": "32615"
    },
    "freight_terms": "TBD",
    "carrier_name": "J.B. Hunt",
    "supplier_signature": "n/a",
    "carrier_signature": "n/a",
    "carrier_standard_carrier_alpha_code": "ABCD"
  },
  "timestamp": "2020-07-31T00:26:13+00:00"
}