{
  "action": "SUBMIT_RECEIPT",
  "purchase_order_number": "03210780",
  "receipt": {
    "purchase_order_number": "03210780",
    "timestamp": "2020-08-05T22:26:13+00:00",
    "buyer": "Sysco",
    "supplier": "Cargill",
    "products": [
      {
        "product": "SYS Fh Se Cmd Bf Btm Rnd Flat",
        "purchase_order_number": "03210780",
        "quantity": 88,
        "quantity_unit_of_measure": "LB",
        "timestamp": "2020-08-05T22:26:13+00:00"
      },
      {
        "product": "SYS Fh Ch Ckd Cmd Bf DF 1232",
        "purchase_order_number": "03210780",
        "quantity": 56,
        "quantity_unit_of_measure": "LB",
        "timestamp": "2020-08-05T22:26:13+00:00"
      },
      {
        "product": "SYS Fh Bf Clsc Pstrmi Btm Rnd",
        "purchase_order_number": "03210780",
        "quantity": 13,
        "quantity_unit_of_measure": "LB",
        "timestamp": "2020-08-05T22:26:13+00:00"
      },
      {
        "product": "SYS Fh Slcd Rst Bf 344",
        "purchase_order_number": "03210780",
        "quantity": 250,
        "quantity_unit_of_measure": "LB",
        "timestamp": "2020-08-05T22:26:13+00:00"
      },
      {
        "product": "SYS Fh Rst Bf No Roll",
        "purchase_order_number": "03210780",
        "quantity": 60,
        "quantity_unit_of_measure": "LB",
        "timestamp": "2020-08-05T22:26:13+00:00"
      },
      {
        "product": "SYS Fh Tp Cp/Off Rst Bf Wh 10%",
        "purchase_order_number": "03210780",
        "quantity": 35,
        "quantity_unit_of_measure": "LB",
        "timestamp": "2020-08-05T22:26:13+00:00"
      },
      {
        "product": "SYS Fh Slcd Smkd Ham WA 2400",
        "purchase_order_number": "03210780",
        "quantity": 53,
        "quantity_unit_of_measure": "LB",
        "timestamp": "2020-08-05T22:26:13+00:00"
      },
      {
        "product": "SYS Fh Slcd OR Tky Brst",
        "purchase_order_number": "03210780",
        "quantity": 36,
        "quantity_unit_of_measure": "LB",
        "timestamp": "2020-08-05T22:26:13+00:00"
      },
      {
        "product": "SYS Fh Slcd Smkd Tky Brst 2800",
        "purchase_order_number": "03210780",
        "quantity": 276,
        "quantity_unit_of_measure": "LB",
        "timestamp": "2020-08-05T22:26:13+00:00"
      }
    ],
    "date_order_received": "2020-05-19"
  },
  "timestamp": "2020-08-05T22:26:13+00:00"
}