{
  "action": "SUBMIT_INVOICE",
  "purchase_order_number": "0487757580",
  "invoice": {
    "invoice_number": "558368",
    "purchase_order_number": "0487757580",
    "timestamp": "2020-07-30T21:26:13+00:00",
    "buyer": "Walmart",
    "supplier": "Cargill",
    "products": [
      {
        "product": "Sam AnSeaPty80/20 5.3zRd",
        "purchase_order_number": "0487757580",
        "quantity": 850,
        "quantity_unit_of_measure": "LB",
        "product_price": 5.3,
        "timestamp": "2020-07-30T21:26:13+00:00"
      },
      {
        "product": "Sam SirPty 85/15 5.3z Rd",
        "purchase_order_number": "0487757580",
        "quantity": 200,
        "quantity_unit_of_measure": "LB",
        "product_price": 6.7,
        "timestamp": "2020-07-30T21:26:13+00:00"
      }
    ]
  },
  "timestamp": "2020-07-30T21:26:13+00:00"
}