{
  "action": "PROPOSE_PURCHASE_ORDER",
  "purchase_order_number": "0487757580",
  "purchase_order": {
    "purchase_order_number": "0487757580",
    "buyer": "wmt",
    "supplier": "cgl",
    "timestamp": "2020-07-29T22:26:13+00:00",
    "products": [
      {
        "product": "Sam AnSeaPty80/20 5.3zRd",
        "purchase_order_number": "0487757580",
        "quantity": 850,
        "quantity_unit_of_measure": "LB",
        "product_price": 5.3,
        "timestamp": "2020-07-29T22:26:13+00:00"
      },
      {
        "product": "Sam SirPty 85/15 5.3z Rd",
        "purchase_order_number": "0487757580",
        "quantity": 200,
        "quantity_unit_of_measure": "LB",
        "product_price": 6.7,
        "timestamp": "2020-07-29T22:26:13+00:00"
      }
    ],
    "date_order_expected": "2020-07-02",
    "date_order_close": "2020-07-18",
    "address_ship_from": {
      "street_address": "Universal Pure-Lnk",
      "address_line_2": "1601 Pioneers Blvd",
      "city": "Lincoln",
      "state": "NE",
      "zip_code": "68502"
    },
    "address_ship_to": {
      "street_address": "WALMART GROCERY WHSE 6096",
      "address_line_2": "300 Enterprise Rd",
      "city": "Johnstown",
      "state": "NY",
      "zip_code": "12095"
    }
  },
  "timestamp": "2020-07-29T22:26:13+00:00"
}