{
  "action": "SET_BOL",
  "purchase_order_number": "0487757580",
  "bol": {
    "purchase_order_number": "0487757580",
    "bol_id": "WO-103474",
    "buyer": "wmt",
    "supplier": "cgl",
    "freight_forwarder": "jbh",
    "timestamp": "2020-08-04T23:26:13+00:00",
    "products": [
      {
        "product": "Sam AnSeaPty80/20 5.3zRd",
        "purchase_order_number": "0487757580",
        "quantity": 850,
        "quantity_unit_of_measure": "LB",
        "timestamp": "2020-08-04T23:26:13+00:00"
      },
      {
        "product": "Sam SirPty 85/15 5.3z Rd",
        "purchase_order_number": "0487757580",
        "quantity": 200,
        "quantity_unit_of_measure": "LB",
        "timestamp": "2020-08-04T23:26:13+00:00"
      }
    ],
    "trailer": {
      "id": "593594",
      "loaded_by": "supplier",
      "counted_by": "carrier"
    },
    "seals": [
      {
        "seal_number": "177771",
        "seal_status": "Intact"
      }
    ],
    "date_order_shipped": "2020-06-29",
    "date_order_delivered": "2020-07-02",
    "address_ship_from": {
      "street_address": "Universal Pure-Lnk",
      "address_line_2": "1601 Pioneers Blvd",
      "city": "Lincoln",
      "state": "NE",
      "zip_code": "68502"
    },
    "address_ship_to": {
      "street_address": "WALMART GROCERY WHSE 6096",
      "address_line_2": "300 Enterprise Rd",
      "city": "Johnstown",
      "state": "6/29/2020",
      "zip_code": "12095"
    },
    "freight_terms": "TBD",
    "carrier_name": "J.B. Hunt",
    "supplier_signature": "n/a",
    "carrier_signature": "n/a",
    "carrier_standard_carrier_alpha_code": "ABCD"
  },
  "timestamp": "2020-08-04T23:26:13+00:00"
}